source_id,common_name
630505494719360,GJ 123
769456276704128,LP 592-10
3179036008830848,GJ 1057
4267552520347776,GJ 3205
6452209110182016,GJ 3184
8479094371605632,LTT 10978
8578256576520320,LHS 5064
8684153290176000,TIC 365271427
9178383766474496,LP 532-81 C
11771719380131328,G 79-46
13000080026782464,LP 473-7
13533892921879936,CNS5 790
14163878724940672,GJ 9112
14912165107085184,GJ 1055
15141997396965888,G 76-54
16302463200535040,GJ 3221
16386404041502592,CNS5 886
17083597492589440,LP 472-40
18565464288396416,GJ 105 B
18986817760556416,GJ 3174
19316224572460416,GJ 105 A
19523203341631104,TIC 381024110
21859669845327488,87 Ceti
22125575564953216,LTT 17422
25488745411919360,GJ 9100
26283932836820096,GJ 3160
26367903742260736,LTT 10843
27360698317776640,Ross 791
27775450424210816,LTT 11033
31235033696866688,CNS5 811
33439176553394048,GJ 114
33732162042339072,GJ 3181
34959010860789632,LTT 10950
35227046884571776,Teegarden's Star
35398295820372864,LP 411-18
36590651757883392,GJ 1063
36995924872102016,LHS 1595
37431537635219712,Wolf 1057
40111081832057984,TIC 242986310
41001411371871872,LHS 1568
41840029505514496,GJ 143.3
42017428833731328,2MASS J03241062+1423368
42017428834393472,2MASS J03241055+1423392
42947680095257344,LP 473-26
43335537119385216,GJ 9122 B
43335880716390784,GJ 9122 A
43499295630701824,HD 24496B
43499295632961152,GJ 3255
43574131143039104,Wolf 227
44901791432527232,Wolf 219
48664801258770432,LP 414-139
48829075167625472,LHS 1636
49295199378608000,HD 284336
49295199378633984,HD 284336B
49298394834276608,Omega Tauri
51730755074345088,LP 357-206
53112944270520832,39 Tauri
56252256123908096,LP 412-31
57739208163471744,GJ 3225
57744155965790720,CNS5 880
60186343087140096,TOI-5084
60244789002681088,Wolf 132
61716073000740224,LTT 11123
62297371053191424,LHS 1514
62947354224986240,GJ 140 C
62948174562104448,GJ 140 A
62948174562535808,GJ 140 B
63054590968017408,Wolf 222
63126196662620416,CNS5 939
64085383120724864,Wolf 1301
64989250397297280,CNS5 960
65638443294980224,TIC 440731915
65829792677145344,LP 357-56
66101646928253312,LP 357-119
66144699680456320,GJ 159.1
67198925172337536,Ross 873
68553931516671488,Wolf 1246
68648455541664384,Wolf 204
68648833498786688,Wolf 205
69927191475070080,2MUCD 20165
70051608089857536,Wolf 1278
72117556076986368,LHS 1374
72354810070468224,CNS5 559
73019941593200000,TIC 408593981
73326018139806592,G 4-4
74203982469858816,GJ 3146
75339743621732608,GJ 3165
75349600571311744,29 Arietis
76085006346877312,LP 470-20
76868614540049408,GJ 83.1
77631946192345088,LP 469-118 B
77631950487658368,LP 469-118 A
80530400577483904,GJ 1045
80824382498943744,LP 409-52
80910659801926528,G 4-3
82493612948013824,CNS5 629
82512476444934528,LP 410-38
83872744127196416,LP 411-8
83973177642413056,TIC 371421405
84210874016975360,LP 411-16
86511572033828480,CNS5 622
87721447141263744,G 94-68
87921523897823872,GJ 104
88996326578456192,LP 410-52
89186168428165632,CNS5 646
89593331327905536,CNS5 662
89906520343072000,GJ 3166
91196316201965184,CNS5 502
91289568531757184,Wolf 1530
91490916598591616,CNS5 451
92102618725254912,Wolf 89
92102623020805120,TIC 91275427
94546596851142400,LP 352-79
94712996769289856,CNS5 433
96331172942614528,107 Piscium
96706931041319296,G 35-4
97334889619799168,Wolf 90
97993497084921984,Wolf 87
98092934167683072,Wolf 82
99279543440878208,CNS5 592
101309452355657216,Lalande 4141
101612981989146752,LP 353-51
102162639019033600,GJ 102
102535064223209216,GJ 3150
103294929837184000,G 36-20
103363168277756928,GJ 3156
104320396229018496,TIC 5675009
104453918172129792,HIP 9829
105449766468765952,CNS5 539
109628013733250304,RBS 365
111379432679196672,GJ 3215
111731654357442816,LP 355-27
112157612034669440,LP 355-32
112402940567232896,TIC 34787125
113202246862254976,CNS5 738
114207651462714880,Ross 556
114575472461716864,GJ 112
114832620743735040,GJ 113 C
114832620743735808,GJ 113 A
115311458058061440,51 Arietis
115364234616059392,HIP 13891
116037204451525376,GJ 9105 A
116037371954842240,GJ 9105 B
116037376250217984,GJ 9105 C
116261779701601152,GJ 3186
116297651268418304,CNS5 725
117709729140217216,GJ 3227
117990177621007744,LP 300-3
120495788525627776,LP 300-5
121254932585133568,CNS5 921
121843656638575872,GJ 3208
122704230645584768,HIP 15323
124980421578269056,TIC 101303098
125190054638221696,GJ 3216
126342377182577408,CNS5 669
127366331745660288,LP 354-381
128141109486254720,LHS 1425
128685947561889920,LP 298-33
129200553364168064,LP 298-42 A
131188715200383872,TIC 353892451
132194493461817088,LHS 5052
132407558199599232,G 36-17
133359735268433024,GJ 3170
133359735269472768,GJ 3169
135554497916690432,GJ 3191
139860666488305664,Wolf 1323
140178528428298368,LP 246-28
141963104517995008,Ross 331
141963104519359872,Ross 331B
143558461530827264,G 134-63
144071108826683392,TIC 68153101
144312344255035392,GJ 3296
144410205086676480,CNS5 1104
145333721838128896,GJ 3274
145361317004090112,TIC 17385003
145421309108301184,GJ 169
146654239597547648,UCAC4 565-011114
148133112801536000,CNS5 1163
148625114192311168,TIC 17195534
149156040869392896,TIC 58318574
150510158159630848,G 8-31
150694566874541824,HD 26710
151650076838458112,GJ 171.2
151650935831913216,GJ 171.2 B
153470765013858176,GJ 3316
154282891790317952,TIC 59830922
154660191781205120,GJ 9166
154666071592704128,GJ 3309
154788598418435328,CNS5 1199
156150240492946816,G 86-28
157915472050611456,GJ 3304 B
157915536473892224,GJ 3304 A
158499755104781056,GJ 3310
160221315437314560,CNS5 1213
160948234357949952,CNS5 1235
163152549013270400,HG 8-1
163302048236137600,LP 357-133
164262059326729088,Psi Tauri
165472415467687040,LP 302-19
167202325215063168,CNS5 1002
167455659568303488,LP 301-25
167544754369569536,LP 301-17
167666112966483456,G 38-24
170639948323693952,Ross 587
172382365011768448,GJ 3280
174156255225869440,HIP 22576
174591657533542784,GJ 3297
176904037866787584,TIC 408198718
177391907491420032,Ross 592
177425034575534464,LTT 11383
177594153207313536,Ross 593
177700805837431296,CNS5 1045
177867759804531456,TIC 417927999
177905860457347072,TIC 238860399
178262415758264448,CNS5 1095
179371719912574208,TIC 367598907
179416417636545920,GJ 1070
179700710496485504,Ross 594
180116295441149824,CNS5 1114
180503800659357312,LHS 1742
181724125038647040,CNS5 1294
183740006593245568,2MASS J05220819+3534089
186593587162662528,CNS5 1290
187247281185703296,LTT 11606
187247659142818560,HD 33632B
188771135583573504,Lambda Aurigae
190314025273114752,TIC 67185469
191109281417914880,CNS5 1405
196371544065786240,Wolf 237
198027266851070848,LHS 1801
198027271140075136,LHS 1802
198228619207418752,HIP 22776
198464052134353536,CNS5 1205
199076411392583040,CNS5 1227
200296663143599104,GJ 1073
201140400878588544,LHS 6083
203968344783266048,CNS5 1162
204128048846698368,TIC 155477694
204244012964192640,TIC 29230681
204358907633155840,LHS 1696
204584689771692288,LP 201-108
205049645750273536,LTT 11541
205533465225342208,CNS5 1276
206312915890859264,CNS5 1239
206376756285941120,HIP 22638
207033680124098048,CNS5 1280
209212907873065344,2MASS J05234758+4623232
209364885290255616,TIC 87884310
209955250018751616,TIC 273769832
210582521403691520,TIC 470594652
211810233512673792,Capella H
211810233512673920,Capella L
214442601785448960,LP 159-15
215350076836032384,LP 159-2
215395053733297024,GJ 3358
215412263665992448,GJ 3352
216569469589042176,HD 23040
218366758786141440,LTT 17543
218519487823384192,CNS5 974
219057458247921536,GJ 158
220733934303096448,PM J03340+3328A
220733938598256640,PM J03340+3328B
220834234676263936,LHS 1571
220989197096055040,Ross 585
222749343414443648,Ross 34
222804628232689792,LP 247-47
224373459529824128,LP 247-56
225527878018880896,CNS5 1011
225668203191521280,50 Persei
225709641034907264,GJ 160.1 A
227939411956865664,LSPM J0417+4103A
227939416252323072,LSPM J0417+4103B
229143725086190336,LP 200-130
229155579195699456,CNS5 1074
230171768457140736,CNS5 989
230353531472787072,LP 200-31
230409022449384576,CNS5 1007
231113736385994624,Wolf 225
231113740685855616,GJ 1064 B
232484934766536704,G 81-7
232990572675079296,TIC 27205234
235263503724564608,CNS5 879
235263572444041856,CNS5 878
235383247412615936,Wolf 1325
235423517026072960,Wolf 1324
235505877319305088,CNS5 852
235742233662354944,TIC 178043153
235742783418167040,TIC 178043185
237363467857253504,Wolf 194
239070631455336064,Ross 332
239070631455336192,** A 1532B
239721228805415296,TIC 192838490
239732949773406976,Wolf 140
240259375324767744,HD 19071
240513706107195904,LP 198-260
240681931386575872,GJ 3201
240945608019526272,GJ 1059
241393040535105280,Wolf 152
242513339807684992,GJ 3213
244808226728958848,Wolf 218
244849046094626176,CNS5 937
244849046098305920,CNS5 936
247316350194295936,Ross 27
248232174657243264,LP 155-214
250858048943327104,Ross 25
250862824946594816,CNS5 1000
251476382498509952,PSO J056.4471+51.6211
251688283301485824,Ross 24
252151693092703872,Ross 23
252216873515630080,CNS5 1120
254564055962696832,GJ 3315
256020908870126208,G 81-34A
256487136159035136,GJ 181
257134507991047936,LTT 11423
258179971749627776,GJ 168
258996015538087680,GJ 3311
259731623173675904,GJ 1074
260343123440688128,CNS5 1206
261053888986581120,TIC 105134131
261069144711056384,CNS5 1229
261243245503357056,GJ 3336 A
261243245503357184,GJ 3336 B
263528924018438656,LP 120-4
263696736978069120,HIP 26653B
263696736979837312,HIP 26653
263916708025623680,GJ 211
263916742385357056,GJ 212
265201384281320448,CNS5 1447
265722999470245632,9 Aurigae B
265722999474087424,9 Aurigae
265724476942021248,9 Aurigae C
265724476942021504,9 Aurigae D
266846631637524864,GJ 184
266846631637525120,CNS5 1271
267346943787845632,TIC 252449531
267631128885144576,GJ 3345
269066953631488384,GJ 3372
269067920001221888,GJ 3371
270387437037301248,CNS5 1088
271438845026834944,Ross 29A
271438845031711104,Ross 29B
272752039871123712,CNS5 1144
272855565763652480,GJ 172
273177172914193536,UCAC4 719-036202
274994940516356864,BDS 2087 B
274994974877051008,HD 26811
277006015997383168,TIC 9200076
277483990023898240,CNS5 1131
278138031939130624,HD 237266
278584536738548864,LP 84-31
279719576335457024,LHS 1733
279844370905734144,LP 119-26
280225450466067968,CNS5 1341
281086127552137984,GJ 3343
281086127553744000,GJ 3342
281261607033049472,CNS5 1313
283569928616960768,GJ 215
285390307554814080,LHS 1728
287767756635519488,CNS5 1421
287767760932246144,Gaia DR2 287767760929497344
287949592667076864,CNS5 1407
288484608151416960,Wolf 1523
288781167053300480,Lalande 2682
291057843317534464,Mrk 362
291512216497803264,CNS5 464
293001264479349248,LP 351-32
293605068161883776,Ross 788
294014808041906688,GJ 1034
294517800251711616,KOBE-1
295725407616670848,CNS5 431
299467939039225728,Alpha Trianguli B
301230078221434880,HIP 9788
301785537751949824,GJ 3108
302188749281480832,UCAC4 596-004134
302447890428345088,HIP 8543
302525062400087936,CNS5 465
303438275527023744,LHS 1280
303876117377381376,GJ 3105
304991163902854784,GJ 82.1
305334280250112896,GJ 3115
306056350151904896,G 133-40
306637167168935168,LTT 10383
308256610357824640,GJ 1029
308828253324985984,Ross 324
309287333789383680,LP 295-291
309977380415042432,CNS5 323
310361075612875392,LHS 1237
310361140039987584,LHS 1236
311336136268676096,Ross 319
311392417520107136,LP 294-35
312440217741786624,G 69-34
314922605759778048,Ross 322
320942702504008576,StM 5
321344574004123392,2MASS J01140150+3614176
322492502798326144,CNS5 386
324070336344668544,G 132-77
325242072141424384,CNS5 587
325533923760046848,LHS 1352
326173044957518080,8 Trianguli
326301623394590592,LHS 6042
326828392543639296,LHS 6048
327930412432710784,Ross 19
327944328126649856,GJ 3147
328181406025950848,GJ 1047 B
328181410322977792,GJ 1047 A
328181410322978816,GJ 1047 C
328551911381377792,TIC 129790825
328643239565641856,GJ 3157
330751067778997376,GJ 3124
331611611723173760,GJ 3151
332820971434386432,GJ 3144
333010327952701696,GJ 1042
333053037107550080,HIP 10339
333106054183616000,HIP 10321
335144892337326336,12 Persei
336080576733515264,LHS 1448a
336538454607430016,LTT 10942
338554924573259392,GJ 3164
340590219380026112,StKM 1-291
340780267388505344,GJ 3178
342743754636574208,CNS5 496
343775818097480192,TIC 189635606
345680648977744896,LP 196-17
345975386812736768,G 133-55
348020242217448576,Upsilon Andromedae B
348020482735930112,Titawin
348038899556540544,LHS 1266
348515297330773120,GJ 67
349716170186042880,CNS5 489
350276160904866816,CNS5 441
350549737439047296,LTT 17236
350664155368182656,GJ 65.1
351045720262686080,LHS 6032
351429930856782464,GJ 91.3
352200138749697408,CNS5 565
353394139660510464,LHS 1349
353433550280354432,TIC 292519957
353610331133759744,CNS5 607
354077348697687424,GJ 96
355669578975070976,LP 153-14
356922880493142016,GJ 3121
356973462325606144,MUSR 13
358249819229900672,GJ 3136
358269546017619840,LHS 5050
358275352812913792,LHS 1345
358619839636979072,LHS 6043
358804183546838784,TIC 250834020
360654214936676224,GJ 3047
361953700241847424,TIC 267740847
362082308742525824,GJ 30
362091963829100672,CNS5 228
362371098048167552,LP 241-45
362677900447403520,Gaia DR2 362677900447403520
363185153265075712,G 132-48
364013635276551680,LHS 1153
364017827164495232,TIC 267886221
365124378243998080,CNS5 160
365124382538652032,CNS5 159
365548347350541952,GJ 29.1
366607726803661568,G 132-4
369092520004831232,Wolf 12
370467150056983808,CNS5 301
372111985092019840,LHS 1244
373208954099200768,LTT 10427
373349657227961472,HIP 5944
373413875579871744,2MASS J01201531+4311160
373726652278757888,LHS 1218
373838214051410816,CNS5 274
374400957846408192,HIP 4967
375314725025730816,TIC 191558097
377003295711606400,CNS5 292
377423450888562304,LHS 1169
378026395579692672,HIP 4223
378851098016946816,LHS 1062
379582273249916416,LTT 10119
381017479521263360,LP 193-248
381634580422627584,Wolf 5
381913615857697792,CNS5 139
383426372059603712,Ross 5
383847961754087040,TIC 440060774
384636109728592768,LP 192-41
385334196532776576,GJ 15 B
385334230892516480,GJ 15 A
386653747925624576,GJ 4 B
386653851004022144,GJ 4 A
386655019234959872,GJ 2
386864854157380480,CNS5 38
387570740621702400,CNS5 205
388443168737947264,CNS5 164
388508383522729344,G 171-61
389368407774814336,LP 150-6
391624571277556992,GJ 3035
392350008432819328,CNS5 70
393155984814848128,CNS5 35
393621524910343296,LP 191-43
394177942214683520,LP 149-56 A
394177946510277248,LP 149-56 B
395234439752169344,GJ 1004
397372371388455424,Omega Andromedae
401232962871883648,G 172-35
401232962871884800,HIP 4900
405080944334712448,G 172-36
405102621028789760,TIC 240818683
405102625325363840,PM J01020+5254B
405118190290397568,CNS5 278
405201306499066624,CNS5 291
405354340472800640,LP 152-14
407078138484015872,TIC 308779412
408560761196368512,TIC 403521772
409824168780424832,Ross 10
410527134662587776,G 219-8
411311395692644224,GJ 3069
411413822074322432,30 Cassiopeiae
413391568618906880,Ross 9
414108140954108672,Wolf 58 B
414108140961406208,Wolf 58
415665118140313472,GJ 3045
416135846558362112,GJ 3044
416158489625704320,LHS 1104
416158523985440896,LHS 1105
418077858975682304,LHS 5009
418363560198079616,LHS 6009
418491408481398272,GJ 1015 A
418491412783587200,GJ 1015 B
419121948343397888,CNS5 98
419624356438705152,CNS5 123
422886126401496064,Ross 310
423027104407576576,CNS5 51
423075173674854528,GJ 4.1 B
423075173680043904,GJ 4.1 A
423259307520131328,TIC 347308021
424422281584852352,Wolf 33
425040000962497792,Eta Cassiopeiae B
425040000962559616,Achird
426122397136335872,CNS5 267
426641955043723520,Wolf 44
427322415301550208,GJ 41
427518368887276672,LP 79-102
428347778613655424,[I81] M 134
429297859741477888,CNS5 33
429297924157113856,CNS5 32
429775730677799168,[I81] M 50
431635455820288128,TIC 418707388
432528843370092288,G 134-68
432824886875420672,CNS5 755
433229541515108608,TIC 192464657
433763831149781376,** LDS 2811B
434690036555954304,GJ 125
435570539206096640,Ross 346
436648129327098496,Iota Persei
438189026151353216,TIC 302090455
438829629114680704,Theta Persei
438829835272390784,Theta Persei B
439595542043685888,CNS5 746
439801494314097664,Ross 341
440052423484915712,CNS5 763
443016706832479488,GJ 3217
444546333664403584,TIC 317891205
445100418805396608,CNS5 899
446223879172014720,TIC 117033109
446306033305630720,TIC 117489874
448896482705728896,TIC 317439826
451548332947464960,TIC 250959853
451548332947465472,UCAC4 703-018007
452189348226035840,CNS5 637
452244667407804800,G 174-5
452483089633044736,G 173-58
452506557335052800,TIC 249861551
452861837028857600,LTT 10918
453562088496088320,GJ 3182
454010341345229824,TIC 245706427
454286043888629504,GJ 3168
455517325107520256,HIP 10960
455517329408362752,G 173-52B
455634736638558592,** LAW 10
455808803070744832,G 220-6
457817164137702784,GD 283
458018340407727104,Ross 21
459215468053012096,CNS5 597
459661938487951360,Ross 365
459661938487952000,Ross 364
460257255316125440,TIC 251721931
460421735382461696,GJ 3204
460661738155654400,CNS5 736
461701979229013376,Ross 370A
461701979233050624,Ross 370B
462116220235041920,Ross 369B
462116284659917184,Ross 369A
462185901786308992,CNS5 877
462185901790089856,CNS5 876
462457408142700800,TIC 279850471
465119669390468864,TIC 256608137
466291787445425408,GJ 3195
466294295706341760,GJ 3194
466417441010173568,GJ 3188
466652427262218240,CNS5 751
466788216944762240,G 246-23
467356110409096832,G 246-12
467468196170006144,LTT 10927
467469811077592320,** LEP 9B
469486109244322176,Ross 568
469659522844460032,UCAC4 735-033510
470826482637310080,Stein 2051
470826482637310848,Stein 2051 B
471082286587088640,GJ 3287
471205058231083648,LP 84-34
471423551805832064,LP 84-37
473347456640406016,GJ 3257
473347456640408448,HD 24409C
473563132719635712,LHS 1621
474648763011926272,GJ 9136
474987206435652608,Ross 567
475364991756045824,LP 83-69
475852728242957312,CNS5 1123
476247968312726144,TIC 65890297
476809509515283712,GJ 3266
477826420331704064,LTT 11524
478737262637242240,LTT 11509
478737331356716800,LTT 11508
480005205701443712,TIC 82970146
481302732504257792,TIC 321157037
482089261274984064,CNS5 1228
482210963467781504,LP 55-26
482846859145086208,LTT 11560
484671464331349632,LP 33-401
485141642990696320,GJ 3364
492053585402171264,LP 53-55
493650660396520064,CNS5 962
493650660400463488,GJ 153 A
493873895619008384,LP 31-433
493935296471302784,GJ 161
494177257749671936,GJ 1067
494744640108707456,TIC 280686841
495091536024630656,LP 31-302 B
495091536028866560,LP 31-302 A
495091570387568512,LP 31-301
496663940735093504,LHS 1680
496663940735093632,LHS 1679
497443219601002496,CNS5 1158
497525786052108800,LP 32-204
497584846144594816,HD 30163
497750292582603520,LHS 1741
498705317211677312,TIC 313193935
498708306508914048,TIC 313193944
498986865203474560,TIC 140967325
500074076047597568,TIC 280882968
502780725779792512,LP 33-191
504733462733977984,Ross 14
505516521175942784,Ross 15
506105202278213248,CNS5 493
506105206568973184,CNS5 494
510316988940721280,CNS5 360
510339632011519872,Wolf 59
511481921508958720,LP 80-77
512129087182637696,GJ 69
512167948043650816,GJ 75
512408294418455936,TIC 389534897
512951002178560384,CNS5 394
513177059201155200,CNS5 393
513479115656944128,TIC 13352159
513688675702458880,CNS5 616
514142567849992832,TIC 256691805
514923083669786112,GJ 3126
515045129459646080,GJ 3134
517324103519209344,LSPM J0224+6729A
517324107818782080,LSPM J0224+6729B
518201101498814208,CNS5 481
518201792978856960,GJ 3117
518201792978858880,GJ 3118
518458597663391744,GJ 3122
520377795206114688,GJ 90
522115156720215040,LP 30-95
522135261462534528,54 Cassiopeiae
522863309964987520,Wolf 46
522864272041351296,Wolf 47
523359498947960704,CNS5 287
523433578540463488,Wolf 54
524551232110220800,CNS5 241
524896135167204352,LHS 5030
526058696910777984,GJ 3068
526331891194068736,TIC 351685943
526914735434842112,Ross 317
527621343453476608,TIC 428666898
527956488339113600,GJ 22 B
527956488340229632,GJ 22 A
528913132171021568,CNS5 34
529077268643979904,LP 50-27
529369670020867840,CNS5 212
529443749617791232,CNS5 184
530158019855216896,GJ 21
530438704553073280,GJ 11 A
531859307941994240,CNS5 375
532057254394731776,GJ 59.1
532266024164292352,CNS5 390
532462149551387776,38 Cassiopeiae
532841717283542656,LP 51-19
532855499837123584,GJ 3066
532870034006715264,LTT 10366
532920302303570176,CNS5 265
533511770839315840,LHS 1182
533621859441169920,Ross 318
534797787124347776,LP 29-188
536088338900732544,LTT 10291
536325146216950016,GJ 3040
537194035279352064,LP 49-338
537767121355864448,LTT 17102
539145737136323200,TIC 275190266
540024624884241792,LHS 1103
540136568911394432,GJ 1010 B
540136568911394944,GJ 1010 A
542265876259135232,TIC 399623138
542896755414366720,LHS 1553
543528253045537536,LP 31-167
543701666645486592,LHS 5081
543741661380991872,LHS 5080
543789661932658432,GJ 3248
543830653103045248,LP 31-54
543830859261475072,LP 31-54 B
545367014444503296,LP 30-184
547381594623756416,GJ 1053
548172349642820352,GJ 122
549007291282705024,LHS 1478
549696169679988864,TIC 103298945
549890302202250112,LHS 1631
550004239094196864,LP 31-339
550301107233576320,GJ 3271
551050046451136256,GJ 9139
551239506048106880,GJ 3267
552434022352148864,BD+78 201
553480551264062848,GJ 196
553593388644803968,GJ 3351
553639739931666048,TOI-6245
553702339077648512,TIC 142103354
554468462460879616,LP 14-170
555032443207370880,LHS 1629
555628309789617536,TIC 297823453
556587015209042048,CNS5 1117
556708683042297728,TIC 420803922
558122277038055808,CNS5 1380
558611490995613056,GJ 3125
559586031956582912,LP 29-176
560130775546153344,GJ 56.5
562826090863378560,LHS 1344
565169459376414592,GJ 3015
565169459378433152,GJ 3014
565471721996476160,GJ 56.4
565706429072383232,LP 12-502
567584708466716416,TIC 400130327
567659818855055488,GJ 133
568484383856524288,LHS 6062
569784212759184512,LP 3-243
569821974111727744,LHS 1643
571488283984760960,LP 4-80
572487740053132288,LP 2-534
573273684709125504,GJ 1035
576218726601829376,GJ 3137
576506489410890752,LHS 5142
576949798755602560,Ross 625
576949798755602688,Ross 625B
577355999582711040,LP 546-50
577355999582711168,LP 546-51
577478109796779648,CNS5 2255
577478114092768384,CNS5 2256
577602496345490176,Ross 623
578940739435580288,LHS 6166
579082331621905536,TIC 270604459
579379032258351488,CNS5 2298
579567598501642368,GJ 339
580473664802608512,GJ 3538
580925323563533056,GJ 3537
581100382135253760,HIP 43297
581103581886377728,** LEP 33B
582212198844172928,TIC 350291607
583108060302753536,BD+07 2031B
583108060303234944,BD+07 2031A
583257314711142144,Ross 686
583257319006770176,Ross 687
583645274812817920,LP 546-25
583782232729923968,LP 546-44
584505917539214592,LP 546-20
585008772310106496,LP 546-24
585132295569511168,GJ 3528
585391024399034880,G 41-17
590490696768123392,G 46-23
594989211153755776,TIC 468986262
594989348593414016,GJ 9271 A
594989417312890368,GJ 9271 B
595390807776621824,LTT 12251
596631263051271552,GJ 3511
596631263051271808,GJ 3510
596779044285041792,GJ 323 A
596779044285545984,GJ 323 B
596878550087942400,HD 75767 CD
596878550087942528,LTT 12312
598180646733241216,GJ 319 C
598180818531355776,GJ 319 B
598180818531935232,GJ 319 A
599224358145182080,CNS5 2087
599891555546067072,LHS 2021
600232026193924352,LHS 6145
600260991453424512,TIC 366395843
601522985987464576,TIC 468984016
602079652404802688,Lalande 17046
604031766579902976,CNS5 2229
604215144503584640,LHS 5144
604583102941729792,GJ 3531
604756890202697728,GJ 330
605079910398496640,G 41-8
606351426876906880,TIC 55266284
609050418685156864,StKM 1-730
610304720934423424,GJ 1120 A
610304720935037184,GJ 1120 B
612073663345730560,CNS5 2248
614339786873867264,GJ 3568
614543647497149056,Ross 85
615733593956317568,GJ 2077
615779464207025152,GJ 3582
615947655126410496,LP 488-44
616184840399785984,2MASS J09491841+1415262
617982090939470464,LP 428-20
619440661833351040,G 43-2
621559631193637120,LHS 2223
622339455521105280,CNS5 2518
622824310083823872,LP 429-28
624684408880100992,40 Leonis
625453654702751872,GJ 388
627074437921562240,LHS 2215
627983081202284928,CNS5 2441
628080246633611520,GJ 3571
628865130046268672,G 54-19
631456507154111616,LP 427-38
632468912550105088,Ross 83
634729066075133056,Ross 84
635130112940983552,UCAC4 540-048747
635202989946889728,CNS5 2296
635964431813070848,LP 427-16
636051812923218304,G 41-30
638026741965030272,G 47-49
638510247908168576,CNS5 2303
638558836873447040,LP 369-27
639385875775807360,CNS5 2334
640025649809497600,G 49-22
640862653425455360,Ross 92
641154096631794432,Ross 89
641821259671808896,GJ 3573
642685200933153408,GJ 3575
646076953786745472,LHS 269
646255212109355136,GJ 354.1
646255246469567232,GJ 9301 B
646818024623804416,Ross 93
648136197331416704,TIC 98412864
648178223586524032,LP 314-66
648638403565088768,TIC 443956718
650337664425397632,Ross 620
651484656914433920,TIC 21185269
651750158907764224,TIC 20422443
651920033457128960,AP J08192567+1335453
652005932802958976,GJ 3494
653032704866193024,GJ 9249 C
653330706873911296,LP 484-5
653799751664331520,CNS5 2027
654687847820642560,GJ 3470
654764916713885056,LHS 1977
655086283346700928,TIC 19024441
655361092534736384,G 50-25
656167618671591424,TIC 60257417
656248020460761472,ASCC 858605
656328319169788032,LHS 2002
657056745624156416,WD 0809+177
657163192092538880,G 91-45
657244521593508992,16 Cancri C
657244586015485440,16 Cancri A
657608666099404544,GJ 3508
658095646671391232,LP 425-382 B
658095646671391360,LP 425-382 A
659076617202569856,CNS5 2111
659464504288593536,GJ 9272
659623692956573184,LP 425-136
659624826828509440,GJ 3505
659951725379878272,Ross 622
660597654099894784,G 41-10
660597997696173440,GJ 1116 A
660597997697274752,GJ 1116 B
662732046688476288,GJ 2069 A
662732115405773824,CNS5 2106
662732115407952768,CNS5 2107
663767443044739840,GJ 1110
664214600677732864,CNS5 2080
665036176383120768,LP 368-73
666988221840703232,LP 423-31
669399515262792320,TIC 82503342
670216834655935872,GJ 292.1 B
670216834655936128,Lalande 15394
670354617206208896,TIC 293364899
670853314448533888,Lalande 15547
670884410011731840,UCAC4 556-043701
671143035762692352,LHS 1937
671436777166606976,CNS5 1894
672091364541849344,Wolf 1421
672751518194744448,G 91-6
673645867825421952,TIC 62902039
676273597540164096,GJ 9262
676689831406224128,GJ 3481
676689831406224384,GJ 3482
676768820148924416,10 Cancri
676804558572501120,GJ 3484
676841387916344960,G 40-11
677439114220735616,CNS5 2062
679088656539598592,CNS5 2078
679817529670473728,LP 367-217
680446793919166080,CNS5 1983
681999884156922368,GJ 3478
683184784030475520,Chi Cancri
684865658135318144,Wolf 324
684992690384102528,K2-313
685103912857072640,LHS 2090
686895567054724736,CNS5 2272
687208343753227520,UCAC4 569-045286
688430107330061056,LHS 6162
688747934909842432,G 47-30
691636145797659392,CNS5 2219
693496171578419200,LP 312-51 A
694072869723271296,GJ 3552
694161724005809536,CNS5 2351
694744465169442816,GJ 3549
694744636968134528,GJ 3548
694917878769233408,GJ 3546
696261653777188864,LP 314-23
696360914764897920,UCAC4 599-046528
696501553469122304,LP 314-44
698112509803434880,GJ 3540
700079536106165632,TIC 8688061
700462063073090560,LP 313-60
700732474214292096,CNS5 2331
702331748237096064,TIC 8769820
703058078746338944,LP 311-37 B
703058078746339072,LP 311-37
703268016747615232,LHS 6154
703790044252850688,GJ 1111
704966762213039488,55 Cancri B
704967037090946688,Copernicus
706300980915871616,LP 321-16
708608825759209088,GJ 9260
708878240467897984,UCAC4 605-044042
709563717249089792,CNS5 2140
710766750855439360,GJ 1112
712397055634344576,LHS 2107
712888090655562624,GJ 1117
714116137767540096,GJ 334.2
716093441928089600,LP 259-4
716109930305855360,5 Leonis Minoris
716759264938450944,GJ 1115
717094512905486976,HIP 43852
717393648787722624,GD 95
717602487277224320,LHS 2039
718905266820857216,UCAC4 638-044660
718976395774536960,HD 77407B
718976395775952256,HIP 44458
719740487637772160,TIC 188465150
724229140777022208,StKM 1-873
725398123501434496,39 Leonis
725398127796012288,39 Leonis B
725469767850488064,35 Leonis
726061094653240448,TIC 1102083
726205714791433984,G 54-18
727468503896485248,** LDS 3993A
727468508191245568,** LDS 3993B
727531798829508608,TIC 165332804
728496959585070208,GJ 3599
728504488663060224,LTT 12787
729891110264400512,TIC 165450654
730131903310757760,LP 317-16
730918393426867072,TIC 368435061
731881226310429056,CNS5 2707
732856080807636224,GJ 414 B
732857558276385664,GJ 414 A
732983005681390592,LTT 12925
733392535107534464,GJ 3635
734010018261191552,LP 263-71
735219962087569792,TIC 165405177
735453264711448064,LHS 286
737226845686350720,TIC 165717667
737721385400747520,GJ 3626
738259665062428416,Praecipua
738963421223127168,TIC 82221828
739100722737992064,LTT 12696
739877493343807232,CNS5 2474
740483560857296768,LHS 2229
740931340878555904,LHS 2243
741275934694972800,LHS 5168
746545172372256384,20 Leonis Minoris
746545859566712832,20 Leonis Minoris B
746572522723948672,Wolf 335
747266452000257280,HIP 49699
747570290871415680,21 Leonis Minoris
747593419270377216,LP 261-188
748118401712712192,CNS5 2565
748118401712712320,CNS5 2564
748536181771608704,GJ 3607
749841332138161408,UCAC4 628-045932
750586216906847104,GJ 1138
751145975699350656,LHS 2292
751975660302006784,GJ 1134
753198111073583488,TIC 8189340
753332560729770496,Wolf 351
753585104807022080,Wolf 346
753947737485519232,Wolf 356
755711555999758464,G 146-32
755921425282888960,CNS5 2548
755921429576863744,CNS5 2547
758200712885953280,GJ 3647
760210242184289408,LP 264-44
760307450179595648,LP 264-36
761918578311083264,GJ 417 B
761919883981626752,GJ 417
762815470562110464,Lalande 21185
762920503987026816,GJ 3639
763204113562706560,LHS 2340
763973668623022464,LP 264-45
764072689093638528,CNS5 2795
764072693389251456,CNS5 2796
764805169996366720,LTT 12990
765038614353808768,LP 214-42
765531741023636992,G 122-8
766062431478041344,LP 265-83
767326526253334400,GJ 3674
768470327583279488,LP 216-11
768904428518069888,GJ 3696
769673124584743808,NGP 43 37
770435567178890624,GJ 3662
771803119125632896,LHS 2403
772320886023525504,CNS5 2820
772395274857111552,GJ 3678
772430527947893632,Ross 1003
773335357298146048,Ross 916A
773335357298903808,Ross 916B
773861400598512512,GJ 9370 B
773861404893710208,GJ 9370 A
774073748076568192,G 176-59
776067089642433664,GJ 400 A
777005625896147072,GJ 3640
777194952349501952,LHS 2343
777254360337133312,Chalawan
778758492243661824,GJ 9351 A
778758492243886464,GJ 9351 B
778947608243864320,PM I11055+4331
778947814402602752,Lalande 21258
779004301812603008,TIC 252805947
779314565954411136,TIC 8246331
779689533779300736,LP 213-68
779689606794219136,LP 213-67
780370406354833920,G 146-48
780370410649684864,G 146-48B
782266484092066432,G 176-8B
782266484092919808,GJ 3641
784266770622036096,UCAC4 671-055873
785138236666164352,LHS 2377
786834302080370304,GJ 1151
788340461203094912,GJ 3656
788357434914248448,LHS 2395
789148567894210560,LP 169-51
789167740628161664,CNS5 2832
789568993653179648,GJ 3646
791297254127958784,GJ 1150
791415314190932352,LHS 2483
792456242464056320,LHS 2461
793785826900630016,CNS5 2386
793785826901083520,HIP 47395
795434510226597760,Wolf 330
795459519818942848,Wolf 341
796185407950360192,Wolf 327
798068905726303232,11 Leonis Minoris
798068940086479104,11 Leonis Minoris B
798289284796364160,TIC 840672481
798289289088384384,TIC 8794099
798914636327665536,GJ 353
799611795418601728,LHS 2190
800727524842546816,TIC 17191554
802155000175577344,TIC 39084331
802677611798044032,GJ 9323 A
802677749236996224,GJ 9323 B
805062929253671936,G 118-44A
806000816970521728,GJ 3593
806039471675754112,LP 212-62
806628225792165888,19 Leonis Minoris
806628324575630976,19 Leonis Minoris B
806893276814027008,GJ 3585
808270896163473920,GJ 3578
808270896163474176,GJ 3577
809812274026643328,GJ 9311
810367699196571136,LP 167-11
810434666326580224,LP 167-17
811697489791310592,GJ 3558
811947078931179264,G 115-68
811947108994206976,G 115-69
812477352773908608,Lalande 18397
813159393579585024,GJ 3562
814482174787733248,CNS5 2341
815474621470643968,GJ 1121
816649002967779584,10 Ursae Majoris
817747655601865088,GJ 3554
818808375085298944,CNS5 2323
819071050989217792,TIC 56933779
819208081922477568,LTT 12484
819750862709551360,Lalande 19022
821455861647126656,15 Leonis Minoris
822327052812586240,GJ 3579
822987687502819456,TIC 371494468
823228721067307392,GJ 378
823773494718931968,GJ 380
823980855739853056,LP 166-55
824017070904063104,G 196-3
824017070904063488,G 196-3B
825160940954112128,[MWB97] 73
826957061916956544,LHS 2205
827426450303227904,CNS5 2469
829250093428318336,TIC 150265247
830239138485572224,GJ 397 B
830239138487431808,GJ 397
830705262697930240,GJ 3610
830705297057680640,GJ 3611
831378954088728320,LHS 2327
831757976362283136,TIC 318362684
831846315248225024,GJ 9342
832159779142209664,LHS 2313
832417236660307072,LTT 12858
833043374172123520,CNS5 2690
834457410549583872,TIC 406757212
834571523535693184,GJ 392 B
834571523536798848,GJ 392 A
835398287562006784,LP 127-502
835748825612078848,LP 168-21
836099398022603776,TIC 318292329
837134210263959168,UCAC4 709-050017
837177915851182080,GJ 3628
843042092397033472,CNS5 2760
844152289904253312,GJ 3653
844922257281519744,CNS5 2843
845600587236098432,TIC 137726810
845832962146599040,Ross 110B
845832962147136640,Ross 110A
846793900950016768,GJ 3595
847330222106968064,GJ 3600
847330325186182912,GJ 3601
848178083009862656,GJ 3586
848475810142740224,PM J10244+5209
850821716983823104,Ross 107
851053031037729408,CNS5 2658
851346566283231616,GJ 9319
851463355033997440,LTT 12700
852544209323820416,TIC 137935676
853568610563444224,TIC 416521208
853748277635283328,TIC 416519035
853819947756949120,36 Ursae Majoris
853820948481913472,36 Ursae Majoris B
854734436486835840,37 Ursae Majoris
854769861377131520,GJ 9331
856096765753549056,Merak
856550486098139648,LHS 2371
858121172817976192,Ross 113
859082970614616448,GD 309
859117673950306048,UCAC4 749-046921
859479413275804928,GJ 431.1
859567752163281792,LB 2045
863131372427958912,GJ 1149
863776987616459392,GJ 430
865653961340899584,GJ 3451
865699110037321600,GJ 3453
865962683591073408,LTT 12018
866016662739803008,Ross 878
866177431955017600,Delta Geminorum B
866177431955478144,Wasat
867302197990617600,CNS5 1890
868209703104242048,CNS5 1892
868475681838385536,G 90-9
869152229381257984,TIC 95128196
870758684589320448,HD 55458B
870758684590736896,LTT 11997
870924435969729792,LHS 6120
870986283498517248,TIC 155784799
873931909508892800,GJ 3464
875071278432954240,HIP 38228
876370076542359936,GJ 295
880495478530513920,Lalande 15290
881250430700478080,CNS5 1972
882872210352301568,LTT 11985
883006556929519872,WD 0700+256
883200895609428736,LP 364-102
883439489632629120,GJ 9227
884039857341503616,GJ 265 A
884951489919636352,GJ 3428
886033095827283968,GJ 3439
886057182003477760,TIC 367435381
887822001246832384,Lalande 13576
888957972853029632,GJ 254
889516937076080256,GJ 3429
890234402772937472,HIP 35265
890284258753196544,GJ 1096
890297349813509248,TIC 415692698
890661253803216896,GJ 3420
890663968222557440,CNS5 1741
891106452933162112,TIC 165059181
892160231749198848,62 Geminorum
892215482207937152,GJ 9233
892348454394856064,Castor C
893214796542513280,GJ 270
893653883934749824,LHS 1925
897765743888715392,CNS5 1795
898152604479525504,CNS5 1823
898275195732381440,CNS5 1800
898506093171335424,GJ 277 A
898506097466756352,GJ 277 C
898506166187633280,Ross 989
898639447612575104,HIP 36704
900270985428306688,G 111-6
900556927171103232,HIP 36285
900887948891049856,GJ 3491
901922932930351872,TIC 165797561
901941452829250560,LP 310-34
902007870203594880,GJ 9256
902175030329924608,GJ 1108 B
902175202130167936,GJ 1108 A
903616971110812544,HIP 41820
905437831085898752,GJ 1107
905727002643849472,LHS 243
906058127442277760,G 111-60
907066684548911872,GJ 3479
908295771043635584,LP 209-2
908962109449446656,LHS 1980
910087150363664000,CNS5 2115
910438444330196992,G 115-25
910832413088675328,UCAC4 650-048345
912087093295958144,LHS 2052
913325109028988288,Lalande 17161
914988876279362560,Wolf 315
915205342630745600,LHS 5137
916571382749183360,TIC 316211162
916639586829792640,Wolf 318
917161442536125312,Wolf 320
917283282168722432,LHS 2044
917859937361774976,Wolf 312
918107434852949888,GJ 9264
918196941971384960,CNS5 2121
921478434424926208,G 111-52
921952117778154240,G 111-56
922106427363034496,AP J08082978+4314149
922225002820369152,GJ 1105
922950955371955968,UCAC4 670-052729
922950955371956608,GJ 3475
923023248261420672,EGGR 428
924661967265025536,G 111-15
925532265076649472,LP 207-50
930068265936597632,2MUCD 10715
930681106230713984,LP 164-8
930822015518055808,CNS5 2095
931573222477949696,G 111-64
933054951834436352,CNS5 1993
933055776469108352,LTT 12120
933708164821511424,** LDS 3762B
933708229245319552,** LDS 3762A
934118557536670720,LHS 1964
935525039066950528,HIP 40170
937409086601638912,G 103-63
937409086601639168,G 103-64
937667952870488704,Ross 419
937667952871051776,GJ 3408
938637069291683968,2MASS J06475637+3414462
939072613334579328,Wolf 294
939599584345993984,GJ 3423
940226271615000576,G 87-9B
940226275910700544,GJ 3411
941650383986508288,LTT 11861
941650383986508544,HD 258728B
941763766826062592,AG+34 708
942457013204227584,CNS5 1602
942860190374658688,LTT 11847
943688191349024000,GJ 1092
943770757800160384,GJ 246
945133361945623552,G 107-14
946030529073021440,GJ 3431
946030529073022080,GJ 3430
946632924007399936,Ross 986
947463811200288512,CNS5 1773
948039989652369408,Ross 987
949252093853769856,UCAC4 658-048401
950395654664758272,GJ 3416
950395658954590080,GJ 3415
952326504452337792,56 Aurigae
953670245099501184,LHS 1883
953770365081885824,LP 161-147
954069986297059456,2MASS J06534997+4519380
954697944875755136,CNS5 1707
954713853434626176,GJ 249
956200977271782144,CNS5 1552
957304985728089728,TIC 144205041
958297608506090880,GJ 3396
958460714184910976,CNS5 1603
960521920529413888,TIC 174947583
961795945268207488,G 101-32
962577285717437952,CNS5 1556
963292964707774080,CNS5 1518
965175191176736256,TIC 190135633
966290164687018368,LP 161-28
966606308639961600,G 107-20
968155348724797568,GJ 3395
968319107238317696,LP 160-22
969488128616580224,TIC 440559522
969705106068169984,Wolf 261
969752767319650560,HD 40650B
969752767321089792,HIP 28634
970354749937140736,GJ 3380
970866499583941120,LP 160-10
971347127898766848,TIC 258543035
971499272821709440,GJ 3388
974536192658255104,GJ 272
974887555341533440,Lalande 13942
975035130417665664,G 111-17
975570661300436608,LP 162-24
975925219440361216,LP 162-39
975968718869126144,GJ 275.2 A
976893923544104576,22 Lyncis
978338677527779200,GJ 3426
978519276607769984,TIC 192075740
978615483876384000,Lalande 13427
979976198235306240,LP 161-203
980384254488328192,G 193-39
980384254488328448,G 193-39B
980618897140903296,GJ 3432
981375326780564608,UCAC4 713-045862
981548637301374336,GJ 3421
981900721539947136,GJ 3460
982051285912835200,LP 162-55
982196799404971392,UCAC4 701-048442
982389862479141376,CNS5 1917
984190381489031424,EGGR 344
984509244157298304,LHS 1948
984509244157298432,HD 233453B
984602805724340608,CNS5 1953
984918228123275776,HIP 38325
985610542491481984,GJ 3452
986657930396493568,HD 233357
989296208547041792,LTT 12043
989380492985184768,GJ 3444
989476558517917952,CNS5 1833
989832319249728128,TIC 51125995
991713927241075840,CNS5 1669
991713931537805440,CNS5 1670
992675553238598400,TIC 252872578
996438498642633472,LP 120-46
997801721262070912,GJ 3393
998219810558747904,TIC 11495928
999747822484300800,GJ 3378
999873716565531008,GJ 3414
999934361503498880,HIP 33322
1002898644851988352,HIP 33805
1003351437484254464,GJ 247
1003752587430126464,GJ 3412
1005873614080407296,LHS 1817
1007904858732031104,GJ 3386
1008217631133579392,TIC 71000075
1009198949557703040,LHS 2074
1010729194865571456,GJ 1119
1011390516749963392,GJ 9288
1011466039454869632,LP 165-26
1012580119611645184,TIC 456343388
1013110152935464192,LHS 2112
1013461034585110528,LP 164-63
1014058103758571520,Iota Ursae Majoris A
1015570963037979264,GJ 3524
1016186483391641216,CNS5 2266
1016193630216537984,LTT 12399
1016370651589755904,f Ursae Majoris
1016394119290094848,f Ursae Majoris B
1016640817918422272,G 194-52
1017617463414788096,LP 125-19
1017783146073299328,G 194-47
1018776176872261248,Theta Ursae Majoris
1019174509319377536,HIP 45859
1019361632454363776,37 Lyncis B
1019361632454363904,37 Lyncis
1020653077580086784,GJ 3569
1021033886560186880,LHS 6174
1022050415123922176,CNS5 2401
1022122334352145280,GJ 363
1022456104850892928,Lalande 18115
1022456139210632064,GJ 338 A
1022780838739029120,GJ 339.1
1031475433093476352,LP 124-25
1033700084417958528,TIC 81212001
1033808665486561664,LP 124-43
1036463161434497152,CNS5 2259
1037131492704550656,CNS5 2208
1038195201485531776,GJ 3542
1039163458912998272,TIC 86279816
1040054235130174080,c Ursae Majoris
1040219677270120448,TIC 86265580
1040827088726734976,GJ 3512
1041395708035677312,GJ 3514
1043287486510907264,LP 60-395
1044279864474742272,CNS5 2228
1045525233191254784,LHS 2232
1047188004010109440,CNS5 2542
1047559604579391872,GJ 3606
1047957520414556032,LHS 5171a
1050678712910407424,GJ 3567
1051547052218220160,GJ 373
1052520154368111872,GJ 1133
1053933576565917824,LP 92-279
1056730008296841216,LP 63-239
1056860923195191936,CNS5 2931
1057008189034348032,CNS5 2884
1057318835428596096,GJ 424
1057879895596316416,Ross 451
1058284412796260480,CNS5 2904
1060313492785021312,CNS5 2715
1060761818652187008,Ross 448
1061671217846856320,GJ 3684 B
1061671217847343872,GJ 3684 A
1062935140823485184,GJ 3560
1064092479891020800,h Ursae Majoris B
1064092789129355136,h Ursae Majoris
1064462637352644480,G 235-29
1064746517510941056,G 235-43
1065113754394291584,TIC 356499732
1065727831638458880,G 235-66
1066086650386220288,G 235-65
1066679871269056896,LTT 12657
1066726497434084864,TIC 147610929
1068825362052486784,GJ 3532
1068982214258617216,13 Ursae Majoris
1068982214258617856,Sigma 2 Ursae Majoris B
1070382098718626176,GJ 1131
1070519572033023232,LP 37-57
1071194431653425280,GJ 360
1071195187567668480,GJ 362
1071851527289746176,CNS5 2454
1072844970405231104,Ross 447
1073206263054159104,GJ 3612
1074883087005896320,GJ 441
1076298880025346560,LHS 5197
1076941716370493696,LHS 285
1078021436789455872,CNS5 2536
1078773262224027520,GJ 420 A
1078773262224027648,GJ 420 B
1080741250599118720,LHS 2439
1081127557137725696,LP 89-187
1081813343155426560,LHS 6138
1082224869741957888,G 193-65
1083242222939300480,GJ 3480
1083484459094779520,LHS 1973
1085037832803001344,CNS5 1990
1086480151540969856,TIC 85210473
1088813933689615872,GJ 9236
1088832380575983616,CNS5 1856
1089040261285612800,TIC 85082948
1089400763661597440,GJ 1098
1089980859123284864,CNS5 2077
1090049716041842816,GJ 9266
1091607174261426048,LP 59-527
1092545710514654464,3 Ursae Majoris
1092884772411363200,CNS5 2199
1092897519875582592,GJ 322
1093918828739878528,GJ 310
1093977549531975040,GJ 3509
1094235934764378112,GJ 3506
1095986082399119360,LP 58-260
1097353325107339776,GJ 3497
1097875696209513984,[ATZ98] B125
1098326392897863680,GJ 9253
1099288633074163328,GJ 3417 A
1099288637370627072,GJ 3417 B
1100090726807510016,LP 58-335
1100267237077449728,LP 58-289
1100365089317946496,TIC 55656287
1100655330324351616,LP 58-53
1102868303634261632,GJ 3425
1103079616027292416,GJ 258
1103927786165647232,CNS5 1590
1104287429547439360,LP 57-170
1104317391237838464,CNS5 1592
1104430744016172544,LP 57-173
1104878103513141760,LHS 1808
1105031764560616192,G 249-30
1105408965770145920,GJ 9198
1105454320624498688,GJ 3374
1105454458063448448,GJ 3373
1106283180593165568,G 250-14B
1106283180593165696,G 250-14A
1107458592882148096,GJ 9205
1107588541411617536,LP 33-317
1108183132386895872,TIC 147794954
1108183342844837888,Lalande 13924
1108529414127974656,GJ 9235
1109272718347432192,GJ 3427
1113055759899565568,GJ 2050
1113083282052337792,CNS5 1671
1117132130541140736,GJ 3526
1117564303034031744,G 234-57A
1117564307330972928,G 234-57B
1118916397393675648,GJ 325 B
1118916397395366656,GJ 325 A
1119768102293659136,LP 36-276
1120741689776617600,GJ 3550
1121408303060376576,LP 35-258
1123094335422270336,LP 35-220
1123140411831352064,LHS 2025
1123681096674583552,GJ 3520
1123700235048742016,GJ 3529
1123855296251645824,CNS5 2281
1124490096714712960,GJ 342
1125337098625077504,CNS5 2231
1125848440251239424,TIC 355951852
1126456225366579840,GJ 379 A
1126456229662509568,GJ 379 B
1127267119488142464,TIC 142737919
1128210122507896832,GJ 1139
1129078083858403584,GJ 3660
1129078358736311168,GJ 3661
1129149723913123456,GJ 445
1129258953521341312,LHS 2480
1129856263213078912,LP 19-311
1130250575570939648,TIC 156152778
1130252053039689216,TIC 156152779
1130450270073924608,Ross 434
1130864790254350464,TOI-5735
1131732854684056192,TIC 137605535
1131806762481252992,TIC 298361895
1132527251835450368,TIC 459192460
1133037803187201664,TIC 341632311
1133673183469372544,GJ 3675
1134155113160270720,LP 6-124
1134343060928823168,LP 6-217
1136496317013163392,LP 17-44
1136652104067053056,LP 17-75
1138690628688357376,LP 17-66
1138963758544545280,LHS 1993
1139252071109797760,GJ 290
1139642706975159552,LP 16-379
1140292483988569856,CNS5 1757
1141280704422528128,23 H. Cam
1141800464185326720,TIC 141618051
1141988132779865984,TIC 141618054
1142313523798296448,LP 17-55
1143321672882274560,GJ 226
1143789235905336576,CNS5 1620
1143855691935518848,LP 4-203
1144584084028819072,GJ 9297
1146337324038513536,HD 90089B
1146337324038514176,GJ 9330
1147862174868109184,GJ 396
1148885991992198016,GJ 1101
1149245394855341440,GJ 3496
1149315523081632640,TIC 387069213
1149498488689240448,GJ 3456
1149727977380998784,CNS5 1818
1149897160435827200,CNS5 1564
1150479046901494016,GC 7550
1152641923712857216,LHS 1962
1152643332462130176,LHS 1965
1152891237974352640,TIC 328800211
1154866579332084992,Ross 1044
1154963095836913920,LHS 3000
1155276250492687616,Ross 1047
1155910118945913728,CNS5 3781
1156846524895814144,GJ 576
1157249117950200960,G 66-64
1159745146784043264,GJ 3885
1160010708906897152,2MASS J14591936+0604535
1161026421427860992,UCAC4 486-058793
1162179534247727232,TIC 461352326
1162946718486550272,DO 3744
1165479168642900992,LP 502-56
1165859359148269568,GJ 3906
1166072973641859072,G 137-29
1166216253750406144,HIP 76114
1170359243627867904,TIC 418037250
1172618435080418176,LHS 2935
1174143182830505856,GJ 3869
1174143182830505984,GJ 3868
1174189362318863488,Ross 1028b
1175003649462887040,CNS5 3661
1175938925836488448,GJ 3846
1176086638351803648,LP 500-46
1176209886733406592,GJ 3860
1179654519224224640,2MUCD 11230
1181168684174651392,GJ 1186
1181472011945052928,GJ 3871
1182574753387703680,CNS5 3735
1182635948082088064,TIC 98506634
1183850942790617856,CNS5 3732
1185289103999821568,GJ 3882
1185619988280226944,LTT 14366
1186575463884570496,LHS 2980
1186939608392079104,GJ 573
1187822481869241600,TIC 347474538
1187851653287128576,GJ 569
1188693088919917952,GJ 3878
1188693088920139136,GJ 3879
1191518146611956096,39 Serpentis
1192275469604732288,GJ 3932
1192473897093821568,CNS5 3912
1193030490492925824,41 Serpentis
1193465794018333824,CNS5 3840
1193520666521113344,G 137-24
1193998747920687872,Ross 512
1194206418179409280,G 137-44
1194263180467201536,G 137-39
1194910483578494464,LP 442-52
1195101695522209536,UCAC4 527-057853
1195788477975819008,G 137-45
1199659343019082624,UCAC4 537-058316
1201036206454896000,LP 445-15
1201405126966920448,GJ 1200
1201927669866633088,LP 444-46
1203375829760178688,LP 444-13
1204754033223498624,2MUCD 11515
1205070452055788928,GJ 609
1206795169186219264,CNS5 3946
1207352076121927296,TIC 445848287
1208030784033689088,LP 442-53
1208695640675619584,Ross 508
1209182041427374080,LTT 14577
1209281375431039104,Ross 513
1209281444150517120,Ross 513B
1209432042883668480,LP 443-17
1211589731374380544,GJ 3895
1212774313804554752,GJ 3893
1213361456923320704,UCAC4 555-053579
1213916950812872192,CNS5 3805
1214076070761755008,CNS5 3775
1214160733157163008,GJ 9520
1217467067705592576,GJ 3913
1217707925171095040,TIC 417521619
1218051664291152000,LP 384-38
1218423471019118336,LHS 3140
1219254942328596736,GJ 9542
1219843215409537024,G 168-13
1222160745406471680,GJ 587.1
1222646935698492160,Alphecca
1224786757126596736,TIC 283869316
1225145747671533056,GJ 3838
1226624350292337792,CNS5 3492
1226844321337777536,18 Boötis
1227133699053734528,CNS5 3522
1227466610559248768,G 135-53
1227705135863076864,LHS 2919
1228555023991501184,LHS 2909
1229089524081628416,Ross 130
1229349352423483136,** CLO 1
1229977414080680192,GJ 3822
1230894097540611968,LTT 14066
1231250992143084800,GJ 3824
1231492609822865152,GJ 9465 A
1231492609823304320,GJ 9465 B
1231853730673656960,LP 439-350
1234693112077610880,GJ 562
1235125877277843840,GJ 3856
1236929488664453376,Lalande 27137
1237090738916392704,Xi Boötis A
1237090738916392832,Xi Boötis B
1237696157506521600,GJ 9490 C
1237730036208674048,CNS5 3625
1237750785195393280,TIC 462584310
1239215820014900224,2MASS J14334122+1907279
1239625559894563968,CNS5 3551
1241547437501423872,HIP 72044
1241789295699616512,LP 382-14
1244571953471006720,4 Boötis
1244644727396803584,Wolf 497
1245172836575645440,LTT 14057
1247332788512753536,StM 193
1250342156133747840,LP 380-33
1250458635646761856,G 150-56
1250801855073489280,GJ 535
1250871227385237888,CNS5 3452
1250935029124246528,BD+22 2632A
1250935033419277824,BD+22 2632B
1251824057289839744,GJ 1179 B
1251824607045654016,GJ 1179 A
1252253931976731904,LHS 2888
1252603095637928576,TIC 310487394
1253928453825900032,LP 81-30
1254117329307682432,GJ 3834
1254536999151997696,LP 381-57
1254694882149817728,GJ 548 B
1254695603704323712,GJ 548 A
1255034459444168704,CNS5 3611
1255420869061901440,LP 381-49
1256071505067560704,CNS5 3572
1257273099478139008,LTT 14168
1257462971392301440,CNS5 3485
1258193695652447488,TIC 28197584
1260779132821422720,LP 325-4
1262763648230973440,CNS5 3712
1264630412816366720,c Boötis
1264654395913772416,GJ 579
1265702917689682944,Lalande 27155
1265976524286377856,Lalande 27055
1266092694561970432,Ross 52A
1266092694562422912,Ross 52B
1266676638314957696,TIC 311115019
1267906854386665088,CNS5 3722
1269789664970320512,CNS5 3705
1272123859439770368,HIP 74981
1272178319624018816,CNS5 3801
1272616371928341632,GJ 3910
1272734466348846208,TIC 445873466
1273685372108354176,LP 327-59
1275744757390360064,GJ 9509
1276875089700429952,CNS5 3786
1276940648080594048,LP 327-57
1277731574898670976,CNS5 3807
1278393790136075904,LTT 14536
1278597264210509568,LTT 14572
1279838754572750208,HIP 72200
1281203935698017280,TIC 157979295
1281989124439286912,LHS 3007
1282073374518833152,CNS5 3691
1282632682337912832,LP 326-21
1283125607149311360,LTT 14400
1284257623084916480,28 Boötis
1284379875033869952,GJ 3853
1284721994948665216,Lalande 26294
1285816868011943040,TIC 450348875
1286617862236631296,LHS 5278
1287312100751643776,GJ 3849
1287752248996223488,GJ 558
1290498996544435200,TIC 67856010
1291763611011228800,Ross 1042
1291886309635558144,HD 134044B
1291886309636988416,HIP 73941
1292155518186768000,LTT 14544
1292678370325543168,LP 272-8
1293234723208262144,Ross 1041
1294600144852205568,TIC 68075160
1294776032353235968,GJ 563.1
1295931997030930432,2MUCD 11260
1296236424313287680,G 178-54
1298201217231698048,TIC 383577723
1298694726154793856,BPM 91545
1300612927268682496,TIC 320388380
1302491820842368896,LP 385-66
1302570367203956736,LP 386-16
1302838991637936256,GJ 3947
1303710114084768000,TIC 236391010
1304594533751044992,LP 330-40
1310513342280948480,LP 331-57 A
1310513342280949376,LP 331-57 B
1310931225419702016,G 169-19
1311454726097258368,2MUCD 11658
1312589288953960320,GJ 9569
1312891585932617344,CNS5 4124
1313234942798111488,53 Herculis
1314438839310796800,GJ 638
1315465748812551424,BPM 91242
1315585148902734976,GJ 1197
1316590033811497088,Wolf 620
1319404886656966016,CLS 100
1319438043804452352,LTT 14859
1320545217653492864,GJ 607
1320567792002123648,GJ 3936
1320567993864001024,GJ 3935
1320795047312113152,GJ 3923
1320853355787534848,CNS5 3907
1321178806932894208,TIC 188540271
1322444142954346368,TIC 17470294
1322444142954346496,G 168-35
1322906861255829376,Sigma Coronae Borealis C
1323427759184545536,Rho Coronae Borealis
1324598017513898752,TIC 8590852
1325251986414360320,LP 330-13
1326398777041821568,LHS 6310
1326893351115617024,LHS 3241
1327319171353397888,G 181-8
1327542647092300288,GJ 3966
1327654969076730880,LHS 3227
1328078796458810240,Ross 812
1328866562170960384,Sigma 1 Coronae Borealis
1328866562170960512,Sigma Coronae Borealis A
1329300388227708800,LP 275-39
1329426832064755200,LP 275-20
1329936043387566464,GJ 3948
1329942262499164544,CNS5 3992
1331106782752978688,Ross 640
1331113963938331904,LHS 3196
1332966881549315456,GJ 3959
1333760419707327744,w Herculis
1334160263982413696,CNS5 4266
1335880415564253312,GJ 679
1335967551860983552,TIC 39427536
1336970203386089728,TIC 101717144
1337270885456433280,Wolf 750
1341113541156480768,Wolf 654
1341396287443528192,Wolf 648
1341903196662424320,CNS5 4213
1341903196663707904,G 203-50
1343301122619404160,2MASS J17294957+3805495
1344283158301970688,G 204-19
1347429376465152384,CNS5 4295
1348028919540189056,GJ 671
1348142444114899328,G 203-60
1349047857580994560,GJ 694
1350517492310907392,GD 366
1350714133093019904,GJ 4040
1351604325194540544,GJ 3978
1351730219276009984,TIC 82355915
1351764475935262720,CNS5 4162
1351956512512484480,LP 276-33
1352483797057853440,GJ 3974
1354166805762941184,GJ 1213
1354205421812899328,LP 226-38
1355138567881915392,TIC 219080745
1355264565043431040,GJ 3991
1356259176389722112,LP 225-65
1357281378606206208,G 203-22
1358325021299899136,G 203-39
1359938520253565952,GJ 651
1360829399549140864,** CRC 74B
1360829399550058496,** CRC 74A
1362295082910131200,GJ 4010
1362592672604119168,GJ 9603
1364505238720496256,LHS 3342
1366580223320727808,GJ 1216
1366748001921772544,GJ 4011
1367315968397315584,CNS5 4395
1368942936370154240,TIC 356241590
1369305397250137728,LP 328-40
1370654257498865536,LTT 14655
1370790111609798144,CNS5 3876
1371474768050872192,GJ 3927
1371625023187238144,StM 258
1371764351925872384,GJ 3926
1371764351926288512,Ross 806
1371891929633508096,G 180-11B
1371891929634259584,G 180-11A
1372215976327300480,GJ 3929
1372493465574231936,LP 274-11
1372493465574232064,LP 274-10
1372546413931606016,GJ 3919
1372702716380418688,Kappa Coronae Borealis
1375324536216744192,HIP 76330
1375767325868833152,GJ 9523 A
1375767330164975616,GJ 9523 B
1375977302526807424,G 179-47
1379416712336909440,GJ 612
1379500756257031808,GJ 611 A
1379500928055726848,GJ 611 B
1379636649022374528,LHS 3137
1380153247688639744,G 180-25
1380293091823646720,LHS 3154
1380421150567824256,GJ 9557 B
1380421150568828800,GJ 9557
1380821338441693312,GJ 619
1382797843737951616,GJ 3933
1384195086792268800,Chi Herculis
1385293808145621504,14 Herculis
1385719147346936064,** SKF 241B
1385719353505367296,Ross 523
1388684770725399296,LP 222-65
1389522117550541056,GJ 593 A
1389522117550542464,GJ 593 B
1389522392427772288,GJ 591
1390519168437282688,HIP 75675
1390976698417570688,GJ 3907
1391241478857408640,GJ 1194 B
1391241478857408768,GJ 1194 A
1391673002811376512,LP 222-50
1391679909118786176,HIP 74396
1392907032814774528,CNS5 3740
1393681260799837184,TIC 155916100
1394070487915862912,LP 223-18
1394070487915863040,LP 223-17
1396608607429590912,LHS 3111
1397434890417900544,LP 177-102
1400928519895549568,GJ 3911
1400929894285124224,CNS5 3835
1401005829306968064,TIC 116486054
1401708211077555840,** SKF 361B
1401708211078578304,** SKF 361A
1402746699810525568,TIC 159810456
1403348682426861568,LP 177-168
1404213517041788800,GJ 3920
1405343643196929536,GJ 3965
1406797197568373120,CNS5 4053
1407397599636558592,CNS5 4115
1408029436569383296,GJ 649.1 C
1408029509583934464,GJ 649.1 B
1408029509584967168,GJ 649.1
1408664168312177664,GJ 3977
1409902905599851392,CNS5 4049
1410507052879451136,LHS 6308
1410536774053176064,G 202-64
1410589958632313344,G 202-59A
1410589962928195712,G 202-59B
1412260533408744832,HIP 81800
1412645602995521920,GJ 3988
1413099460779606528,LHS 5319
1414199247286085376,UCAC4 697-057732
1415197260246376576,** UC 3346A
1415197260246376832,** UC 3346B
1416006054127628928,LP 139-6
1416050859226670848,HIP 85268
1416123117756120960,LP 138-36
1416124285987232256,LTT 15129
1417872268957468288,LHS 3299
1418586672341989632,TIC 359313701
1419999819661235840,GJ 659 B
1420000579871414528,GJ 659 A
1420101696285626624,Mu Draconis B
1420101696286312448,Mu Draconis C
1420101696287738368,21 Draconis A
1420904889530023808,TIC 229684206
1420972548150735744,25 Draconis
1420972823029057408,24 Draconis
1421042126620559104,CNS5 4366
1421971866781082112,GJ 4037
1424964015877277056,TIC 162675942
1425909733315616000,GJ 1205
1426855863071637632,LHS 3214
1426999589857216256,StM 300
1427329718223532800,G 226-33
1428030622526979968,GJ 3942
1428427236986209024,GJ 625
1429437378934511616,GJ 9552
1430517198137007872,GJ 9578
1431110973070937344,TIC 207491443
1431176943768690816,GJ 630.1 A
1431176943768691328,GJ 630.1 B
1431783457574556672,GJ 1206
1432442825250178944,LP 138-20
1432617510160019200,GJ 3993
1434317183337708672,LP 102-72
1435275918821040000,LP 102-241 B
1435275923117125760,LP 102-241 A
1437124683199761920,GJ 9582 A
1437124683199762304,GJ 9582 B
1437609842705737088,LHS 436
1439069444391326208,GJ 685
1439121018358632832,26 Draconis
1439261068652646528,TIC 219751364
1440197680761004288,CNS5 4319
1440254133811195904,CNS5 4327
1440808833131343872,LTT 15294
1440964624481230464,GJ 9599
1442207244418843264,Ross 1021
1443068608699851008,GJ 3790
1445407544810063232,Ross 1022
1445977882106817024,GJ 3774
1446540213584440704,Ross 1020
1447300972552225024,GJ 3767
1448579017380769920,G 150-18
1450765911648481920,CNS5 3464
1451197916638959872,CNS5 3459
1451450048399313792,GJ 528 B
1451450048399808384,GJ 528 A
1451566149955227520,G 150-43
1451877517904263680,LTT 14053
1453180404823190912,GJ 3833
1454104436971779328,CNS5 3477
1454349494921015424,LP 324-70
1456351808674777344,GJ 3798
1456894005348466688,LTT 13989
1458082886652959104,CSS 833
1459660204803179776,Sand 211
1460229442589223424,Beta Com
1460319705622394496,G 149-30
1460934916737740160,LHS 5238
1461049369026235904,GJ 3766
1461125613285603840,GJ 1167 A
1461507384337635840,GJ 1169
1462061709995883136,GJ 509 A
1462061709996744448,GJ 509 B
1462421490816513280,2MUCD 11139
1462648849207104768,LP 322-929
1464745617881550208,LHS 2662
1464853782336698240,LTT 13678
1465638524401595392,LP 322-245
1466009540856759680,GJ 3762
1466650487416101504,TIC 376663813
1467576173127694464,G 164-38
1467644789524975232,CNS5 3230
1468036318743647616,GJ 9427
1468213546275054208,LHS 2745
1468322432286288128,LP 323-169
1469086764666230912,TIC 321440184
1469230212276302080,GJ 9451
1470080890679613696,TIC 321425366
1470462322431834880,Ross 1015
1471777269618346240,GJ 519
1472718211053416320,Ross 1007
1472903753640492160,Ross 1008
1473166433840437888,GJ 507 B
1473166433840438016,GJ 507 A
1473439868638815232,LTT 13914
1473443510771118336,TIC 71611075
1473443510771118464,TIC 71611077
1474445475101294848,GJ 1170
1476452702298416768,LP 218-89
1476536402620665984,LP 219-14
1477745350013891200,LP 325-24
1477762319428998400,CNS5 3544
1477762323724646272,CNS5 3543
1478100423554138880,LTT 14188
1480109265654939776,LP 271-36
1480314599451475712,GJ 554
1480967709357977728,LHS 2886
1481115868550104960,LHS 370
1481412186933442304,CNS5 3565
1483977656798789120,G 165-58
1484535762028915712,LTT 14218
1485400665363970304,GJ 3825
1485548584037395712,TIC 284068000
1486075147027474176,TIC 27350220
1487434040320076800,Seginus
1489294551432850560,LHS 6274
1490550537309239168,LP 175-27
1491593733326694912,GJ 3852
1493367245581725184,LHS 2951
1494108007181491712,LP 221-151
1494578701236917888,GJ 3851
1495487688115551744,Ross 1019
1496734362502944512,GJ 523
1498145551317166336,LP 220-50
1500826882220275712,CNS5 3354
1500827225817637504,CNS5 3355
1500998715270526592,CNS5 3366
1501343790124237312,CNS5 3336
1501656395023984640,Ross 1026
1502523188143833088,LP 220-13
1503074730664363776,TIC 286944183
1503625448550796032,GJ 521
1505105593069066880,Ross 992
1505209054532280960,CNS5 3526
1505214930047542784,GJ 9475
1506739643437879808,LHS 2897
1508479929826125312,LHS 2889
1508886439891508736,GJ 537 B
1508886439891509248,GJ 537 A
1510693006215277824,TIC 219037593
1510834911934401152,GJ 532
1511434936045342464,TIC 233463911
1511440845920310144,LP 133-410
1511727333122255744,Iota Boötis
1511727371779512704,GJ 9474 B
1512371548152280960,TIC 219063097
1513382308576147072,GJ 485
1513479649714919936,LHS 2632
1515952176488267008,GJ 490 A
1517239773324267904,LP 267-311
1517634566719097472,LHS 2655
1517698716348324992,Cor Caroli
1518564478676515712,G 123-45
1519311253230298880,HIP 60970
1521686782461765888,10 CVn
1521895105554830720,CNS5 3156
1522552819667933952,GJ 3760 B
1522552819668322688,GJ 3760 A
1524637493714681216,LP 218-84
1524783316446432768,TIC 180628643
1524803932288582528,G 164-59A
1525367603795097600,G 177-35
1525546995989465344,LP 218-81
1527127269076696064,LHS 2645
1527394587840200960,TIC 22007699
1527405136279905280,LHS 2672
1527631807474248448,LTT 13738
1530331933155079808,LHS 2650
1531805244374691584,HIP 60783
1532764533910285568,G 123-15
1532844111064539904,GJ 3718
1534011998572555776,Chara
1534239391319888384,LHS 2613
1534831272173203072,GJ 3729
1535794513079329920,GJ 3714
1536064958579187840,GJ 3706
1536177589801604864,G 123-10
1536232908980349952,GJ 9393
1537707555936440448,UCAC4 665-057520
1537992501630401920,GJ 462
1538680318784669184,LP 170-87
1541286711100812160,LHS 2596
1542683331386097280,Ross 991
1542896911520969600,GJ 3738
1543433713713273344,GJ 3741
1545795533411708032,GJ 9399
1545970149597276160,LHS 2517
1545970149597276288,LHS 2516
1546291138277427712,TIC 53523370
1546465994985741056,G 122-74B
1546465994985741184,G 122-74A
1548104507825815296,GJ 459.1
1548107600202207488,CNS5 3015
1550299304833675392,G 177-36
1552064914348839936,LHS 2776
1552091474426587264,GJ 3797
1552186307304378880,TIC 288506050
1552284438717188608,GJ 520 C
1552284576156142720,GJ 520 B
1552284674943267072,GJ 520 A
1554433777791815808,LHS 2686
1554835340053676800,GJ 3765
1555608537246019968,GJ 498
1555980240895554816,GJ 3756
1557142459045799552,CNS5 3220
1557677371452516096,G 177-8
1558581651047392512,2MUCD 11157
1558717990489605888,GJ 9457 B
1558718059209082752,GJ 521.2
1561691138650134528,LP 132-366
1562349333797785984,TIC 141821609
1562668432688194688,HIP 66781
1563590510627624064,Mizar B
1563590579347125632,Mizar A
1563639198376084608,LP 132-165
1565090003967879424,Alcor
1565867461768654208,Wolf 483
1565976794456209792,GJ 509.1
1566062247125254016,G 199-69
1566224665609504128,GJ 9434
1567471477437161344,StM 174
1568219729458240128,GJ 483
1568610571482444032,HIP 61481
1569335115284976000,HIP 61053
1570296397685102848,LP 131-75
1570379101575286912,LHS 2640
1570514066627694336,GJ 3754
1571092684621762048,LHS 2588
1571145907856592768,GJ 1160
1571411233756646656,GJ 3743
1572081660971767552,HIP 60121
1572366022165982080,GJ 1159 A
1572366022165982208,GJ 1159 B
1572914025633785472,GJ 3712
1572914025633785728,GJ 3711
1573086442800134272,GJ 458 A
1573086507223498496,GJ 458 B
1573896198753650944,LP 94-367
1575287046603605888,Megrez
1575312266651094656,2MASS J12161235+5709275
1575312266651094784,UCAC4 736-053991
1575357587146077056,GJ 3710
1575920330941197184,GJ 457
1576850723937017216,78 Ursae Majoris A
1576903019458821248,LHS 2659
1577483492879086464,CNS5 3137
1578289091304186496,LP 95-282
1583484215025634688,G 199-16B
1583484215025634816,LHS 6234
1584088431025057792,Ross 690
1584200684290386304,LHS 2536
1586649326754181376,CNS5 3702
1586968533013974528,CNS5 3711
1586968533015434624,GJ 572
1587576253706543232,GJ 3898
1587841510887555584,LHS 3031
1588480189704812672,LP 176-23
1589250088362827776,CNS5 3763
1590096093840214272,LHS 2973
1591230446242720640,LHS 2959
1592338513445876608,GJ 3880
1595170236922937728,LP 135-414
1595520568815311744,LP 135-272
1597204161635741952,HIP 77790
1599270384502442752,G 201-45
1600405046142657408,GJ 3891
1600624914108541824,TIC 165688184
1602705361906694784,G 224-65
1603267143629157120,LTT 14640
1603272950424941440,LP 99-392
1603611493015735296,GJ 3858
1603749176399142656,G 200-51
1604859408265509632,Theta Boötis B
1604859511344724864,Theta Boötis
1604901876901703168,LP 134-7
1605198298364601088,GJ 556
1606148310770764288,GJ 9501
1610729219809525888,LTT 14301
1611087248283201024,GJ 3861
1611203693436717440,LP 97-817
1611997094153823104,CNS5 3583
1612801833587498240,GJ 1187
1614477420588506240,GJ 3883
1614539302477251200,LHS 3009
1615668981955214336,TIC 165599289
1615668981955214464,StM 219
1615982823805660544,Ross 1051
1616853430856547968,G 224-20
1618010323247026560,GJ 3855
1618330448634358400,CNS5 3576
1618351446729597952,TIC 232979974
1618370615167692544,CNS5 3610
1618370619463553024,CNS5 3609
1618794068879018368,TIC 232981773
1619631553141649152,** CRC 71A
1619631553142673664,** CRC 71B
1620288580060016384,LP 67-182
1622733206724849920,TIC 161745243
1623289903206300928,13 Draconis
1624385699685942912,LP 101-126
1625209684868172672,Eta Draconis B
1625209684868707328,Eta Draconis
1626972133288099456,LHS 6294
1630809153990860032,LP 101-400
1631420379376431488,G 240-53
1631591147276525696,CNS5 4129
1631818402586291968,TIC 289540372
1632110322923341184,G 240-45A
1632110529080430592,G 240-45B
1632112552014817024,G 240-44
1632113518378994304,CNS5 4191
1633752714121739264,CNS5 4242
1635111852228375168,UCAC4 773-038991
1635375460142367104,h Draconis
1635873435829345536,TIC 219855010
1637110042813188608,Lalande 32047
1637129421705453952,G 240-52
1637446836968370176,LP 70-260
1637645127018395776,GJ 687
1637717179389828224,28 Draconis
1638180413086979840,LP 44-162
1638426776706401920,LP 43-519
1638563322306634368,LTT 18455
1638979384378696704,GJ 1221
1639464406445868800,LHS 3105
1640572714166158976,TIC 356632694
1640580891783937664,LHS 3089
1641189157936120704,CNS5 3901
1641352680226120448,LP 68-180 A
1641352680227622656,LP 68-180 B
1641386833807056640,LP 68-208
1642641410934267008,Lalande 29917
1642642957122493824,GJ 617 B
1643898427602567808,TIC 202491017
1645425614893967744,GJ 9517
1645838309711074944,GJ 3902
1646347108716916736,RBS 1539
1647986068237086976,HD 144061B
1647986068237087104,LTT 14761
1648484868558988544,GJ 3971
1648568843759668480,Lalande 30699
1649026618553865472,LHS 3258
1649407285800074240,CNS5 4153
1649949658565789056,LP 43-50
1650819612781643392,CNS5 4291
1651145102583323136,GJ 690
1651235193817400448,GJ 689
1651268660203160448,31 Draconis A
1651268763282397312,31 Draconis B
1651469733391948288,Lalande 32769
1651476364821454592,G 258-17
1654590662786702720,G 257-37A
1654590662786702848,G 257-37B
1655482224982135040,LP 43-292
1656076893269778432,LHS 3318
1657836867788496640,LP 97-259
1658057762250899584,LHS 2864
1658578797618935680,GJ 3805
1658968054798747008,StM 187B
1658968059093995136,StM 187A
1660170581217926144,LP 97-674 A
1660170581217926272,LP 97-674 B
1661568850770761600,LTT 14084
1662884038476196864,CNS5 3350
1664668614567744384,LP 66-300
1665517334465010432,GJ 511.1
1666436354387639936,TIC 166088525
1668008140619144448,TIC 166004965
1668113865533954816,LP 66-542
1668664785283445760,CNS5 3623
1668765601051605248,TIC 316419348
1668986018773531776,HIP 71192
1669449084967071872,GJ 9492
1669449084967072000,GJ 9492 B
1669793988020855168,CNS5 3571
1671341275759472256,GJ 9461
1672344580119140096,LHS 2748
1672538231604762624,GJ 3815
1674396371895680000,NLTT 36313
1677302170674242560,8 Draconis
1678489647527832320,LP 65-357
1679363587473237504,TIC 229535299
1680081259328589440,LP 64-283
1680479660494681728,CNS5 3105
1680921595450031232,G 237-64A
1682708164405800320,CNS5 3163
1683228851880827136,LP 39-245
1683609076745527680,Ross 689
1683677624423753472,CNS5 2971
1683677624423753600,CNS5 2972
1684245277365708544,LP 39-66
1686708050268594944,LTT 18341
1686890393104529920,CNS5 3340
1688578280891900416,TIC 298071899
1688578285187648128,PM J13182+7322B
1689808020224098816,TIC 154561790
1690514490804468864,LP 38-474
1690888668355351552,ASCC 34903
1690976079530034816,LP 20-304
1692740619598187904,LHS 2508
1693190667747004800,LHS 2513
1694186825282283520,LP 41-530
1694499224022736256,LHS 2976
1695111789438813312,LP 41-431
1695191332232990720,CNS5 3734
1697766388465292800,2MUCD 20626
1699503788635584896,LHS 2868
1699558347604685568,LP 41-203
1699770557644460160,LTT 18394
1701045647535157888,LTT 14474
1701585301586363904,CNS5 3622
1701585301586364032,CNS5 3621
1701602958196086528,CNS5 3600
1701849283160198400,LTT 14515
1701943978599634816,** LEP 72B
1702586956678820480,LP 42-305
1703559779655983616,GJ 3922
1704061298692674816,GJ 3951
1704062466923822336,Eta UMi
1704429394569760384,GJ 3941
1705643702083554560,LP 24-133
1705877279585273472,LHS 3247
1705884151533269376,GJ 3986
1706631093589103872,LP 24-66
1706907487621086464,Ross 1057
1708693055848054912,LP 23-35
1709456705329541504,GJ 632
1710380123298255232,CNS5 4031
1710948192852697600,GJ 1220
1711005951573009792,GJ 9610
1712390236711693696,GJ 3826
1712523999173578496,LP 21-586
1714831771000745344,LP 21-224
1715209040928674560,GJ 9462
1715791060537076608,GJ 540
1717149575872421632,GJ 3744
1717366591979606528,CNS5 2963
1717517740469399168,LP 20-178
1720995598827435648,Pi 1 UMi A
1720995598827436928,Pi 1 UMi B
1722694722247854592,TIC 159455025
1723105248107124608,TIC 159503663
1723645112612063616,CNS5 4300
1724394666013924736,LP 9-174
1724494760222303872,LTT 18464
1724495516135399936,CNS5 4381
1725759404752580736,CNS5 3484
1726432615107139840,LP 8-6
1726678630833373824,GJ 3768
1727159083055610368,LHS 3017
1727944512314416768,LHS 5326
1728599752523828864,HD 115675B
1728599752525089408,LTT 13809
1730264275690302208,LP 636-36
1731137528439917568,CNS5 5191
1731827128389211520,TIC 387503550
1732878776902363264,GJ 4180
1735245338242513536,LHS 5358
1736707482548494464,CNS5 5212
1736707482548494848,CNS5 5211
1736838805468812160,Lalande 40844
1739046659176739456,LP 577-44
1739379433242806144,Ross 778
1739921801713625600,GJ 2152
1740795157542164480,CNS5 5326
1743167182081842304,** UC 4412B
1743167182082283136,** UC 4412A
1743592452563243136,GJ 824
1745568309317609088,HIP 105533
1747786539668366848,LTT 16010
1749030362195988096,CNS5 5068
1749372379032899584,LP 575-26
1749473774619251840,TIC 374952770
1750765357185849856,GJ 4169
1750816651978245248,GJ 4161
1750816656275568000,GJ 4160
1751865311194729344,LHS 6365
1752189568342546048,CNS5 5046
1754191229260708736,Lalande 39872
1754191435419155456,Kappa Del
1754433701637713280,LTT 16008
1754495583527340416,CNS5 5085
1758387171788682880,CNS5 5184
1758463038092175232,GJ 1259
1760038054139205504,LTT 16178
1760606639087833856,G 145-29B
1760606639089294848,G 145-29
1760960887992601984,15 Del
1762070089066876288,CNS5 5121
1762216079299019008,CNS5 5137
1762523981210977664,CNS5 5124
1763278624144051840,TIC 387320417
1764121743403778688,G 144-57
1766511046596516608,GJ 4227
1767203532760428928,LTT 16349
1768178047956101632,LP 518-64
1768695093298872832,CNS5 5454
1768825106253209984,LP 518-58 A
1770881266011697920,CNS5 5324
1772187382746856320,GJ 9751
1773485214494929536,GJ 4214
1773497412196823680,GJ 4215
1774059610530845056,LP 458-43
1776158818746273664,TIC 456801531
1776179945695834368,Ross 268
1776317182780536064,Ross 271
1780624347783836032,Ross 263
1781003885454165888,HIP 108028
1781723721971913856,CNS5 5464
1782646899422228224,TIC 297924727
1783759326017075200,G 145-36
1784473016438653056,Ross 775
1788103874414950144,Ross 772
1789325333051362432,LTT 16181
1791309809807683200,Ross 773A
1791309814098901120,Ross 773B
1791810263689791488,LP 397-10
1791995119082190848,CNS5 5263
1792668153341911680,GJ 4218
1792830060723673472,GJ 836.5
1794512004276509824,LP 398-25
1795371891089236864,TIC 283407997
1795636220557099264,LHS 5376
1797268548646812800,TIC 283562165
1797276382668029440,GJ 4199
1797912995606593920,TIC 371761127
1798246358080104448,LSPM J2132+2433SW
1798246358081360256,LSPM J2132+2433NE
1798588409277193984,CNS5 5280
1799014779271210112,TIC 15420746
1799991798431932800,GJ 4232
1800265817345116544,GJ 4225
1800378139330660992,LTT 16339
1800750014779745152,GJ 4210
1800808220172866048,CNS5 5331
1800808220175220480,CNS5 5330
1801210568415251072,78 Cygni A
1801715901387268352,TIC 418733600
1803225427774999680,CNS5 5015
1804492374403136768,TIC 456530762
1805044913356835328,GJ 789
1805973279138700160,2MASS J20040228+1228270
1807124742694579328,UCAC4 520-118926
1807887150930343424,TOI-5799
1807909622199325312,LHS 6359
1807953087254264064,Wolf 865 B
1807953155988203264,Wolf 865
1808174467064403968,2MASS J20035584+1638336
1808403096750183168,GJ 4143
1809169250199281024,TIC 88471905
1809359465717142656,GJ 783.2 B
1809360187275432832,Wolf 873
1809456596391861248,HD 191499B
1809456806859123584,HD 191499A
1810616448010879488,GJ 1256
1812293100165179776,TIC 331086849
1813318326037627520,LSPM J2055+1851EB
1813318326037628160,LSPM J2055+1851EA
1813577913861507072,TIC 224721188
1814070838668707840,Ross 257
1814241194252808704,GJ 797 A
1814415604283845248,TIC 224616445
1815562738510990976,TIC 417381535
1816087549148430848,TIC 402905397
1816353321736049024,UCAC4 550-125486
1817769836303393280,LTT 16053
1818697205647102720,LTT 15980
1819014346025046528,TIC 243479687
1820834656271108864,CNS5 4909
1821070982574835456,LTT 15784
1821168701656184064,TIC 209802208
1821193578108774784,CNS5 4924
1821315795663331456,CNS5 4927
1821708351374312064,15 Sagittae
1822334561920333184,TIC 277984446
1822370978937299456,Wolf 869
1823476232957094400,HIP 120148
1825387390297688832,CNS5 4843
1825387390333255808,CNS5 4842
1825481536024344576,TIC 373219607
1826196665236326272,PM J19402+2139
1826261983123386240,TIC 263105734
1826440511986974080,UPM J1953+2043A
1827242816176111360,HD 189733B
1827242816201846144,Wolf 864
1828402423000351616,TIC 11713886
1829237158466540160,PM J20220+2147B
1829237158474914688,TIC 402820827
1829571684884360832,LP 395-8 C
1829571684890816384,LP 395-8 A
1829571684890816512,LP 395-8 B
1831553382794173824,Wolf 1346
1832531535835205632,TIC 436128403
1832633481176363904,TIC 436265506
1833199729671740800,Wolf 867
1834788970646666112,GJ 779.1
1835040758820804608,Gaia DR2 1835040758820804736
1835607316538168832,TIC 363282969
1835644012739854720,TIC 452454448
1836532005811131776,2MASS J20140174+2713319
1836687483624035840,CNS5 4991
1836834337140192128,CNS5 5002
1838036133406428288,G 144-63
1838855376946302720,Wolf 1373
1841254644460354688,G 187-16
1841590549559106176,GJ 4184
1843206728575513472,Wolf 1360
1844125748497557632,GJ 4166
1847354223872439040,LTT 16265
1848959167250271616,TIC 371615851
1851868127125091840,Ross 776
1851868127125091968,Ross 826
1852732141404704512,HIP 104733
1854353921061345792,GJ 4196
1855837849445750912,Gaia DR2 1855837849437007872
1857525389328342784,G 210-26B
1857525458053641344,G 210-26
1858219151114884352,GJ 808.2
1858469118208383104,2E 4433
1859954627138933888,LTT 16095
1859954695858413184,LP 340-69
1860033139142521728,UCAC4 590-112538
1862034696988864896,G 186-24
1863554771806301056,LP 339-3
1863563052503507712,TIC 161183199
1863898674120773760,GJ 9698
1866215589940389120,GJ 4176
1866522319330814592,GJ 4173
1867314242572077312,LTT 16248
1867591388212921216,PSO J318.4243+35.1277
1867689519637192704,LP 285-9
1868664855171885056,UCAC4 636-108416
1869054868256849920,CNS5 5145
1869302674999983104,Epsilon Cygni C
1870266293863485440,CNS5 5130
1871118140493076224,GJ 4165
1872046574983497216,61 Cygni B
1872046609345556480,61 Cygni A
1873073175244118784,GJ 815 A
1873146567646378880,CNS5 5195
1875075420267288064,LP 399-274
1875076004382831616,GJ 9781 A
1875076004383341824,GJ 9781 B
1875649945156293120,TIC 411370689
1876551961304423808,HIP 112610
1876972009105701504,CNS5 5568
1877530526652674304,G 127-42
1877650201620091008,CNS5 5606
1877862506152977792,TIC 118038152
1878388180081101440,LP 399-193 B
1878388180082512000,LP 399-193 A
1880064759219905792,GJ 4264
1881322536098686080,CNS5 5573
1881769728093880704,LP 399-314
1881898955069713024,GJ 4275
1882570138198421120,LP 401-10
1884530361273768064,GJ 4300
1884744525522874880,GJ 1275
1884895296055200384,UCAC4 593-141723
1885405435089932032,G 128-35
1886061568653752960,TIC 436767428
1888914766968562048,G 189-32
1889703529122914560,GJ 9799
1890425839540910848,GJ 4297
1890433639202023808,CNS5 5630
1891459758430361088,GJ 1274
1891598193816300544,Iota Peg
1891850394294860416,LP 399-78
1892539307048909184,CNS5 5497
1892539307049423872,GJ 851.5
1892963615458402304,LHS 3743
1893177917146753408,G 188-39
1893189736896880640,GJ 4247
1893988497733997440,LHS 3796
1896396703077703936,15 Peg
1896408724688348928,StKM 1-1953
1896891139712235008,Wolf 1148
1897311977785999744,TIC 283280346
1898230241798771584,GJ 840
1900994551468269696,G 189-22
1901680955961847040,G 189-18
1901773448080491392,Wolf 1225 A
1901773452377248512,Wolf 1225 B
1904244261162888576,LP 288-31
1905796874660633344,Wolf 1232
1905816425352678656,Wolf 1231
1906647037667895424,Lalande 43319
1907041590544054656,LP 287-39
1908305165624662272,G 216-7B
1908305169922494208,GJ 4287
1909518584084205312,GJ 1270
1909581805999126784,GJ 4320
1913835129292662528,CNS5 5760
1917144384415057536,GJ 4327
1920258888540130560,GJ 4354
1921351390779081600,LHS 4043
1922383316803470592,LP 239-52
1923802133480850176,GJ 4346
1923896622760418176,GJ 4338
1923896725839633024,GJ 4337
1925025168366253952,CNS5 5773
1926461164913660160,Ross 248
1927517417630958208,GJ 4385
1927615755200210688,GJ 4299
1927832221552344576,HIP 112768
1928108370769224576,CNS5 5667
1928108370769224704,CNS5 5666
1931708859034495488,6 Andromedae
1932297578791924992,CNS5 5610
1932297578791925760,CNS5 5611
1932623034233344000,LP 237-32
1933018063851510784,G 216-14
1934035253840592256,GJ 870
1934263333784036736,GJ 873
1934862945577481344,CNS5 5682
1935122258524180608,HD 218868B
1935133906477014016,LTT 16813
1937003729077791616,Lalande 45755
1937923436193950080,HIP 115341
1938465628573574784,TIC 428058299
1938660963687906304,TIC 428058615
1938660967977324800,TIC 428058618
1938960722332184704,Gaia DR2 1938960722332184704
1939093660163197312,GJ 4351
1939115478598580352,Lambda Andromedae
1940584323054654592,Ross 249
1940954617956840192,GJ 4382
1941011930001137280,CNS5 5902
1941217160713765376,Ross 244
1941668716392322432,CNS5 5771
1941668716395829504,CNS5 5772
1942532726377141120,GJ 4315
1942533104334263552,HIP 114385
1943493115426301312,CNS5 5856
1944312732624736384,GJ 4373
1945138878173915264,TIC 431654443
1947031618725260928,ASCC 635687
1948077941473461504,HIP 108481
1948237679897858944,HD 208536
1948577085394012032,CNS5 5460
1950572355403111296,G 213-5
1952552782000889216,TIC 407657403
1952680497148998144,LHS 3700
1952802469918554368,CNS5 5362
1953807805800935296,2MASS J21342211+3838558
1953952387283004544,GJ 834 B
1953952391581618432,GJ 834 A
1954170404122975232,CNS5 5377
1954559047126247808,GJ 9752
1955134710179436672,LHS 3779
1956328333130770048,GJ 4256
1956721064938340224,GJ 4260
1958030617647715328,CNS5 5486
1958031442283263616,HIP 109537
1958204340485646976,TIC 199208647
1958359199826617344,TIC 455651592
1959969434607205504,GJ 4246
1960390203963541760,GJ 839
1960631100090155008,GJ 9760 A
1960631100090155264,GJ 9760 B
1960660958705529344,CNS5 5408
1961045272376051712,G 215-23
1961385914819977216,CNS5 5482
1964791549008457856,GJ 9728 C
1965478468902062464,GAT 1383
1965602679357877504,LTT 16255
1966275713606876544,LTT 16301
1971397414886115840,LHS 3678
1973094614149871872,LHS 3705
1974270159574386176,G 212-58
1974606167761195904,Wolf 944
1979613343723036800,G 232-42
1980487077505535744,Wolf 945
1981274568353597696,CNS5 5443
1982163523485229440,TIC 299208265
1982218395990388224,CNS5 5582
1986803359482315648,LTT 16656
1987015152911081216,G 215-54
1988592986456983168,TIC 67149557
1988833504619793536,GJ 9794
1990050457838764544,CNS5 5633
1990723839987250176,7 Andromedae
1991767757560462976,CNS5 5714
1992715605301433856,GJ 4334
1994675416061276288,TIC 65371183
1995681125599758592,GJ 4324
1996725077535282944,G 233-42
1996725077535283200,G 233-42B
1997463910688906752,Ross 303
1999883630848466304,UCAC4 696-110459
2001345397199713152,GJ 1268
2002189577313018624,TIC 249744004
2005798350576886144,GJ 4268
2005804153064109056,GJ 4269
2006208468413983360,G 232-63
2008413057939006080,HD 239999
2009439555118168832,Ross 302
2009481748875806976,GJ 892
2009506006851873792,LHS 5398
2011251030583236352,GJ 895.4
2011565220332867584,HIP 117795
2012238465045216896,GJ 4358 B
2012238465046622848,GJ 4358 A
2012619720701400192,LHS 4005a
2013250496781642368,LTT 16764
2014653404891943936,Ross 226
2014924125275395840,LP 109-77
2015332628207386624,G 241-48
2017348685852396672,Ross 676
2017669330947859584,Gaia DR3 2017669330947859584
2017884388558251008,TIC 371901012
2018148889833134080,Ross 737
2018474482692940288,CNS5 4850
2018474482692959232,GJ 762.2
2019551660508885376,Gaia DR2 2019551660508885376
2019802555283940608,CNS5 4832
2021096577436772992,Gaia DR2 2021096577436772992
2021115647098688512,Gaia DR2 2021115647098688512
2021353450857677696,Gaia DR2 2021353450857677696
2021981409373336448,Gaia DR3 2021981409373336448
2022681695245286272,TIC 359330905
2022893621784904064,G 185-23
2023112497641814528,3 Cygni
2024370613778899584,Gaia DR2 2024370613778899584
2024985481361040384,WD 1934+264
2025389380082340992,GJ 1241
2026037542160935552,Ross 164
2026408043220034176,TIC 111784356
2026669830056606080,TIC 12456725
2026685566817764352,Gaia DR3 2026685566817764352
2026766140380630016,Gaia DR2 2026766140380630016
2026990028441893888,Gaia DR3 2026990028441893888
2027434780913030656,LHS 3506
2027510952147108224,TIC 282427587
2028065934962124928,LSPM J1945+2707SE
2028065934962125184,LSPM J1945+2707NW
2028211207952435840,LTT 15783
2029432043779954432,GJ 777 B
2029433521248546304,Lalande 38380
2030317253745186432,GJ 9676
2030413014331398144,LHS 3497
2030861099681010304,CNS5 4948
2031432910114027648,Gaia DR2 2031432910114027648
2032017717217569152,HIP 97223
2033777996642886528,GJ 4125
2034189424437011840,Gaia DR2 2034189424437011840
2034189424451787264,HD 189806
2034222547258288000,CNS5 4932
2034581091118259328,GJ 767 A
2034581091125010048,GJ 767 B
2034628782438989440,GJ 4122
2035020964491479552,GJ 9669 A
2035021028896869888,GJ 9669 B
2035035223783462400,17 Cygni
2035035258143206016,17 Cygni B
2035038900276000000,CNS5 4906
2035294983392947200,GJ 4127
2035577729682322176,LTT 15799
2036104120839521792,GJ 1231
2038078706303237632,Ross 163
2038120006709791360,CNS5 4797
2038203054189567872,CNS5 4785
2038543078169577472,GJ 4108
2038630901661266048,TIC 111790491
2038961889014257920,TIC 394468047
2041085973668754176,GJ 9639
2042389925732130816,HD 178450B
2042389925739687808,HIP 93926
2042871958509344896,GJ 4098
2043885295914531072,GJ 738 A
2044288988480314240,GJ 9645
2044289022840065408,GJ 747.2 C
2044451578761513984,TIC 41876057
2045232777472519808,CNS5 4866
2045232781772137984,CNS5 4865
2045458628362127360,G 125-23
2046207670631964928,GJ 758
2047690533883897856,G 125-34
2049291147911633152,Ross 747
2050589430625453824,GJ 4105
2051069711047203712,Lalande 36513
2051069745406938240,HD 181655C
2051984436005124480,CNS5 4857
2052372151294405120,TIC 137973208
2052469973468984192,Ross 1063
2052891361294411520,GJ 1234
2053036840429094400,CNS5 4813
2054269874008075904,CNS5 5042
2055820838238174592,G 210-11
2056115198113182208,G 210-20
2057244911946825088,TIC 136403599
2059103120983068160,b01 Cygni
2059314703923324288,CNS5 4945
2059314708223067904,CNS5 4946
2060325262521404160,TOI-1256
2061688931804621184,GJ 4138
2061688931804621824,CNS5 5011
2061876742143320064,Lalande 38451
2062245662629151104,TIC 11914170
2063583390317759616,GJ 9702
2063967910147595008,GJ 4152
2064100569188230144,Ross 188
2064689567732385792,CNS5 5076
2066555026648381824,G 209-40
2066768499405895296,G 212-5
2067948245320365184,GJ 9699
2070115588901082368,GJ 806
2074506110651830784,TOI-1276
2077071477420073984,HD 186788
2077398234224960384,Ross 1064
2077988676275617408,KIC 7691437
2078105327586616704,HD 186306
2078105327586616832,Gaia DR2 2078105327586616832
2078447035186691200,KIC 6804018
2078878456051348608,Gaia DR3 2078878456051348608
2078878456059034880,HD 188100
2079073928612821760,GJ 1245 B
2079782151537655936,CNS5 4888
2080285727861817088,GJ 1243
2080526555267049984,** BVD 268B
2080526555267050496,** BVD 268A
2080826374043095552,GJ 9690
2081599300662568320,TIC 186130100
2082248214375313792,TIC 185405328
2082488118377645312,UCAC4 683-079854
2085942027994517120,TIC 185068087
2087981072303466112,Wolf 1129
2088887447842531584,Wolf 1122
2089355702357960448,Wolf 1131
2089641541019942912,Wolf 1125
2089980534198798848,G 206-41
2090051761936884864,LHS 3401
2090085056523454464,Ross 145
2091177593123254016,CNS5 4601
2091272352980851456,GJ 4067
2092134443120038528,LTT 15569
2093971520889175552,CNS5 4693
2093971520889176320,CNS5 4692
2094376587844253824,CNS5 4610
2097219065920129152,LTT 15548
2098118397710725248,LP 280-16
2098413719661573248,GJ 4069
2098514324976071424,GJ 4073
2099371978408013440,KOI-4533
2099652937987822720,KIC 4043389
2099774674541183488,TIC 121597342
2100004536891878272,CNS5 4736
2100403801349406336,GJ 4099
2100693797539808896,CNS5 4743
2101253861280035200,LP 230-38
2101469984033864320,LP 230-40
2101964248869296384,CNS5 4816
2105033123258653056,CNS5 4703
2105798761309653120,CNS5 4726
2106025432503198720,KIC 8154114
2106082126071775488,LP 230-29
2106422459279293568,LHS 3429
2107257297843283584,GJ 4089
2108544241842459648,GJ 4058
2109049433075667584,GJ 4049
2109049433075668480,GJ 4048
2110165780975185792,GJ 4063
2110336583235233536,GJ 4062
2110851841872084096,GJ 4064
2110978521928761728,GJ 9632
2114158485651595136,G 205-1
2114808846779666816,TIC 7685737
2115351387048328832,GJ 9622
2115454019586473600,GJ 709
2117279002732678656,GJ 9634
2118424350249708800,GJ 720 A
2118429538570209920,GJ 720 B
2118649750133781376,CNS5 4582
2119686379142441472,GJ 4083
2120357772727063680,LP 182-4
2122104690545294208,CNS5 4526
2123090918115438592,Wolf 1414
2123090918115439360,G 228-20B
2123161836616023296,CNS5 4484
2124772479414763904,Wolf 1412
2125370033920918784,Wolf 1409
2125777643503392640,G 208-25
2127093140445053696,TIC 159176715
2127802875200104320,HIP 94701
2129260621458319744,UPM J1928+4801A
2129260621461390336,UPM J1928+4801B
2129771310248902016,GJ 1237
2131115566294715648,KIC 10911018
2131422261318410368,G 205-48
2132788541955849216,GJ 9648 B
2132788541955849984,GJ 9648 A
2134231062552666368,TIC 243260396
2135110259540829824,Theta Cygni B
2135110401277424384,Theta Cygni
2135550755683405952,16 Cygni A
2135550755683407232,16 Cygni B
2135550755684554112,16 Cygni C
2136027771930903808,GJ 4116
2136665454312416128,Wolf 1108
2137903951084527488,TIC 266487220
2138259844954847360,TIC 27691167
2140481412496465152,LP 141-26
2141364423410899968,CNS5 4761
2142179058447029760,HD 185414B
2142179058450057856,LTT 15726
2143016302194287488,GJ 1233
2143386180480200064,G 229-30
2144816958643384064,GJ 4076
2145277550935525760,GJ 719
2145277550935526784,CNS5 4592
2146204847257954944,GJ 732.1
2146205160793278976,TIC 48221199
2146209387041088512,LP 141-7
2146576589564898688,LP 141-14
2146576757065535360,CNS5 4718
2146576761360909056,LP 141-13
2146645790077864704,TIC 376930392
2147565737712329216,LP 140-34
2148308217298483456,TIC 284190375
2149024342965603840,TIC 389913701
2150504594853811456,GJ 1228
2151176602616711552,TIC 298663983
2153089026998231168,TIC 232677093
2154861821996560000,G 227-43
2154880616774131712,GJ 725 B
2154880616774131840,GJ 725 A
2155540255030594560,TOI-1450
2155540255030594688,CNS5 4750
2156140966334260096,CNS5 4684
2156787612316358144,CNS5 4673
2158285185808357504,GJ 4054
2159844052779000064,GJ 1227
2160473763703687808,TIC 233731818
2161121135533953536,LP 71-82
2161275788716592256,36 Draconis
2161733975835084544,ASCC 437632
2161818638231602176,LHS 5362
2162150999985661824,[HC73] 5
2162411240644426240,CNS5 5214
2163558855915068416,GJ 9717 A
2163558855915069824,HD 200560B
2164609507973636224,HD 203418B
2164609507982125824,HD 203418
2166211633861548800,TIC 62137012
2168280502430898944,TOI-6008
2168622381825547648,G 212-14
2171727299589482112,Wolf 926
2173367633501430272,CNS5 5332
2174326712570073472,Ross 200A
2174326751236583168,Ross 200B
2176116580055936512,GJ 1261
2177580481018646016,LHS 3676
2177877452238559104,CNS5 5288
2180987592673770112,TIC 296321403
2182197777015312512,Ross 765
2183807118443409536,Wolf 1084
2185710338703934976,PM I20050+5426
2187263158355763072,Wolf 1080
2188222203084317184,LP 106-304
2188318517720321664,Wolf 1069
2188860027203347968,CNS5 5186
2190258605992864896,Upsilon Cep
2191408351562751872,G 231-32
2192213022271586560,Wolf 1106
2194392804070784128,Wolf 1074
2195072680215085568,CNS5 5096
2195115561168483712,Eta Cep
2195298973450457984,GJ 1254
2195815400318293248,LP 106-216
2195886971653527168,GJ 809
2197890384931459072,TIC 469952937
2197890384931461248,TIC 469952974
2198483880690116480,Epsilon Cep
2199435611080216704,CNS5 5430
2200076690774871040,TIC 413746153
2200349373952164992,TIC 422162410
2200501793758177152,GJ 4276
2202703050401536000,CNS5 5397
2204001126955518592,GAT 1384
2205488624442109824,GJ 4280
2206139161664230528,G 264-20B
2206139161671019392,G 264-20A
2206168985922558848,LHS 3774
2206265777300448768,CNS5 5538
2206933593176297728,LP 109-57
2207087078130356352,G 241-25
2207738916728293888,GJ 9809
2208212217841297536,G 241-20
2209187557658794880,2MASS J23313539+6443569
2211036283380392320,2MASS J23455524+6758479
2211393521580984320,LTT 16682
2212272649844661504,GJ 1278
2212588828156589184,LHS 6411
2212723140372479872,LTT 16667
2213356768310300800,GJ 4307
2213415145505277824,GJ 9808
2213428064767263360,GJ 4312
2214722739710271488,2MASS J23130913+6834036
2214830079531710336,LHS 3967
2215027510585500672,CNS5 5720
2215951134720289792,Ross 212
2216158427021654528,Ross 210
2218502547151457920,CNS5 5458
2218502551448745088,GJ 4258
2218904319868065408,GJ 4267
2220012421430629632,GJ 4251
2220169200616370432,GJ 854
2221509612668871552,CNS5 5229
2221538268690877312,TIC 387998188
2222089605051815040,LHS 6376
2222540228723911168,G 264-12
2225342166607084288,TIC 377065713
2225780906106342272,LHS 5395
2228253123642541696,GJ 4311
2229106207224369024,LP 49-129
2229220075393971968,LHS 6428
2229668951018122112,GJ 1266
2231736788793936384,LP 48-485
2232348941893483520,GJ 909 A
2232966828771055744,LP 48-305
2233222229000888064,CNS5 5746
2234766183848131072,LP 105-469
2235729562191515136,GJ 9677 B
2235729905789807872,GJ 9677 A
2235968637250218368,HIP 97438
2237479125708758784,CNS5 4918
2237876496083973760,LTT 15910
2238597054155896832,GJ 762.1
2239336819322330112,TIC 229459070
2239800057315034368,G 229-27
2241125999619972480,G 260-35
2242950845325769216,LP 106-101
2245067199050291328,LP 74-23
2245095683274908672,HIP 102300
2245280263787182976,G 262-23
2245327439707888256,GJ 4150
2246206567973292160,GJ 793
2246581329639103872,GJ 788
2246676707976104960,LP 73-196 A
2246676712272713088,LP 73-196 B
2247528593266948992,G 260-37
2247535151679497472,G 260-38
2248341613395968640,G 262-3
2248503275965828480,G 260-31
2250947352873635712,CNS5 4955
2253038177312294016,LP 104-100
2253038177313756032,G 227-48B
2255173119658513408,Altais
2256410856215182464,TIC 383647463
2256631484392164736,CNS5 4579
2256762188837557248,CNS5 4575
2257597439718033536,GJ 4053
2258730658247255552,LP 72-65
2259755746681611264,GJ 1225
2261455900896162176,LP 72-467
2261614264931057664,Alsafi
2262421065946579584,GJ 4093
2262849634963004416,GJ 742
2263910113928117632,GJ 4120
2264839952875245696,TOI-1760
2264839957167921024,TOI-1452
2265589961537092480,CNS5 4645
2265590167695522432,CNS5 4644
2266317803873109504,LP 44-334 A
2268003149041626240,CNS5 4647
2268636673897630592,CNS5 4622
2268897391295863040,TIC 424383790
2269683267232230528,TIC 229609853
2270110569236141824,LP 74-35
2271106756832674304,GJ 4170
2271636863174005504,HIP 103650
2271879374206841344,LHS 3586
2272191085754928768,GJ 4194
2273817675766257792,CNS5 5317
2274076297221555968,GJ 9743
2274076301516712704,G 263-3B
2274125710821568768,CNS5 5250
2274277168548294016,LP 47-205
2276449837884804480,LHS 3547
2276854389443899264,LP 47-14
2278045985170934016,GJ 1255
2280191304155597184,GJ 9764
2280379251923776896,LP 26-394
2281046483684995840,LP 27-95
2281114756485256704,HD 217142
2281125476721659392,LP 27-277
2281128259862423680,HD 217142B
2281778105594488192,Errai
2281893657394021376,LHS 4053
2281893863552449408,LHS 4052
2282790893241302144,LP 12-90
2282846074981010688,LTT 16858
2282846074981011328,LP 12-72
2283507568662097536,Gaia DR3 2283507568662097536
2283507568663285760,Gaia DR3 2283507568663285760
2283612503305198208,CNS5 5285
2285241498500588800,LP 27-27
2287506148856660992,CNS5 5841
2288743717913545600,LP 45-369
2288743816696215808,LP 45-370
2289304297045379456,GJ 1238
2289905553809364992,TIC 237199341
2290483248388179328,GJ 786
2291597672140946560,CNS5 4875
2292498687560557056,59 Draconis
2292861388958880640,LP 25-7
2293493127108770688,LP 24-256
2293902244217071104,LP 24-194
2294149672988951680,GJ 4061
2294281163411732736,GJ 4068
2296691950032196224,LP 10-28
2296825055360848512,CNS5 4466
2298750888633275136,LHS 5366
2299942278201276288,HIP 112527
2300234782654298624,GJ 9746
2300641567596591488,LTT 16367
2302300279669955712,TIC 470679277
2302668860880387072,CNS5 4777
2302731288228467328,TIC 417599004
2304682788224934400,TIC 461541402
2306216916182228224,LTT 9775
2306965202564744064,GJ 1
2307132568850133376,GJ 4377
2307270076523103616,LHS 4025
2309132133824849152,LTT 151
2309813109479463040,Theta Scl
2311039752138513536,LP 987-47
2312376723918929920,LP 987-23
2312821266302222720,GJ 3001
2312952902371420800,CNS5 5909
2313022171603701888,GJ 4387
2313836153805786624,CNS5 5898
2313836325604479616,LHS 4040
2313836325604479872,LHS 4039
2315390347851431680,GJ 2004
2316426946798199424,LP 880-836
2316867885320845696,GJ 1009
2317773298786508416,LHS 1119
2319539492417874304,LTT 126
2322561156529549440,GJ 2005
2322574488107786624,GJ 18
2324618132330648832,TYC 7518-1-1
2324785228033780608,GJ 9833
2325083848520121856,GR* 422
2325552304897511424,GR* 446
2326211706931820544,2MUCD 12215
2327840667768506368,GJ 1291
2327840702128468736,HD 223515B
2328334039251485824,GJ 4362
2328674716056981888,CNS5 5758
2331849006126794880,CNS5 5797
2332937316480303616,LP 880-140
2333676738050041728,GJ 7
2334879397612667648,LTT 9821
2337628932595588608,CNS5 5885
2338943673624461440,LHS 73
2338944532617922304,LHS 72
2340577685342719104,TIC 152088075
2340605825968413184,LEHPM 162
2340736324254735488,CNS5 13
2341178362288721536,GJ 911
2341766188693540864,TIC 114807524
2341817487782612480,LHS 4055
2342686956666281728,CNS5 260
2347427402266219008,GJ 27.2
2347726435068500096,LTT 266
2348070616567676288,LHS 1096
2348794198298597376,GJ 3056
2348830516542653824,GJ 36
2349206308999273984,GJ 40 A
2349206343359507584,GJ 40 B
2349207644734247808,LEHPM 1029
2349916559152267008,GJ 2012
2349940954566607488,GJ 31.3
2351469138289894528,GJ 1033
2353617309132684032,LTT 740
2356519298275043200,LHS 1158
2356590216775021696,TIC 114504403
2357637295442457856,TIC 268639053
2358022227591374336,GJ 1028
2358524597030794112,GJ 54.1
2358981826364444544,G 268-104
2361294885296927488,CNS5 65
2364492097606462336,CNS5 45
2364740071837660672,2MUCD 10006
2365672801296041728,LHS 105
2367899071824176384,LP 764-14
2367938722962185088,GJ 2003
2368212771939556992,CNS5 75
2371032916186181760,GJ 3053
2372192389852176768,CNS5 296
2372192767809294592,CNS5 297
2372272516761781888,CNS5 249
2373841073178592512,CNS5 163
2374036786248265856,LTT 331
2374036786248265984,WT 1114
2374261773815165952,LP 765-49
2374484527999034112,WT 1109
2377416719352612096,LP 705-93
2377953104931858944,LTT 9453
2378678512023780864,LP 934-33
2379124363988763136,LHS 3898
2379350519786259072,SIPS J2308-2721
2379854023097493888,LTT 9461
2379962604166006016,GJ 891
2380960097435152000,GR* 434
2383999392388000640,GJ 4309
2384000217021721600,GJ 4308
2384342302577019264,GJ 889 A
2384348242516852864,GJ 889 B
2384877214983800448,LTT 9455
2386898937694609920,GJ 2154 B
2386898972054841088,GJ 2154 A
2387762436574094848,LP 878-73
2388493745334271104,LHS 3970
2390021451933103616,LP 823-60
2390199568521774848,CNS5 5904
2390702771185162112,LTT 9651
2391392641718846464,LTT 9727
2391670474561181440,GJ 1284
2393394371354638208,LP 822-74
2393504773489279232,LP 822-107
2393563872239260928,LHS 3954
2394193308286591872,GR* 240
2394366515727615104,LP 823-44
2395031273585836288,GJ 898
2395297767716696704,LTT 9580
2395413147718069504,GJ 4352
2395444208921491456,GJ 4344
2396530698208685312,Lalande 44964
2398975118715404672,GJ 1281
2400808142038361088,GJ 867 A
2400808245117576704,GJ 867 B
2402996857371741568,TIC 262109682
2403199614187542528,CNS5 5641
2404125295604535040,LP 821-16
2404787205899508608,LP 821-27
2405722027006062080,LTT 9506
2405805697263561600,LTT 9491
2407167579853954688,LP 822-40
2407323744864329344,CNS5 5789
2407340615496379008,GR* 219
2407573643242037888,LP 822-73
2407654319907293568,GR* 215A
2408845056640573056,TIC 188626180
2409534686654407936,LP 821-54
2410011260521088512,GJ 890
2410261949172008064,GJ 4316
2410599430522285824,LP 821-47
2411086582892886784,LTT 9299
2411785356892107520,LP 762-36
2411855072801158656,94 Aqr
2411855072801159040,94 Aqr B
2413236093765321856,LHS 3902
2413659852418581760,LHS 3911
2414623952318068224,CNS5 14
2416611663182821120,6 Ceti
2417456431710276096,HIP 669
2418116963320446720,GJ 3016
2419154936657147008,LP 764-32
2419293853079296640,GJ 4371
2419457405433453696,LP 704-7
2420188237068400512,2MASS J23494609-1344119
2420563960807395072,GJ 9839
2420649585275393920,LP 763-66
2421043416597513856,G 158-8
2421080250237097344,GJ 4378
2421080250237474176,GJ 4379
2423292879948720000,GJ 9008
2423493369021649920,9 Ceti
2423804835754160640,LTT 214
2423806317518679040,G 158-74
2425675006249455744,LTT 313
2426119449465358720,LHS 1106
2428162410789155328,GJ 1008
2428541639221790848,GJ 3024
2429029856744500608,SDSS J000636.38-090603.0
2429635550212644608,TIC 37694375
2430102808294101760,GJ 16.1
2430731144829585280,GJ 1012
2432393434611921408,LP 763-3
2432708307254343808,LP 763-61
2433191886212246784,BPM 82931
2434874482600313728,LP 763-82
2435125446129139712,GJ 4367
2435317585786753920,CNS5 5894
2436118030250997376,G 273-144
2436812303124645504,GJ 9824
2438094574200528512,G 157-45
2439184705619919488,GJ 4355
2439377218938814336,CNS5 5853
2439763461052925824,LP 703-42
2441530238800505472,LP 644-40
2441630500517079808,GJ 1002
2441755844843043328,CNS5 27
2442074771933927424,LP 644-34
2442806153325000448,2MASS J00015008-0613021
2442996678074668288,GJ 912
2443091236074493824,LP 644-17
2443632711191439104,GJ 3011
2444078253918146944,LHS 1042
2446286416864931200,SCR J2356-0429
2448933731627261824,LHS 4033
2448954240094767104,** JNN 142
2450599697900838912,LP 768-113
2451701339832959232,LP 768-5
2452022637746861056,LP 767-83
2452167910719793664,CNS5 382
2452378776434477184,Tauri Ceti
2453195851012123904,LP 768-712
2453982689020814080,LTT 900
2456160271800004096,LHS 1233
2456361448068627712,GJ 57.1 A
2456361654225919488,GJ 57.1 C
2456361654226797440,GJ 57.1 B
2456487788826106112,LTT 711
2456594647612706432,GJ 56.1
2457640489328533248,LP 708-37
2457862762476854656,LTT 763
2458168323630090240,LP 707-78
2459254503678694144,CNS5 469
2460900300786503296,LHS 1311
2460983348274381696,Ross 555
2461043306017773696,Chi Ceti
2461045711199481472,Chi Ceti B
2461045814278696448,HD 11131B
2461635667907177472,GJ 3127
2461728194387221504,LP 709-18
2461999808118839296,LP 709-44
2462263484751574144,LP 709-43
2467182154313027712,CNS5 449
2467242352575094784,CNS5 447
2467732906559754496,GJ 3119
2468730472844294016,HIP 5938
2468929243931522304,LP 707-16
2469051221001877632,LP 707-17
2469973676898097536,LP 706-96
2472387757755767168,2MUCD 10076
2472505371140957952,LTT 534
2472557872820632320,GJ 3064
2472746473424383488,TIC 24186139
2473055951588089088,GJ 3072
2473608009504466688,19 Ceti
2475331528340199936,37 Ceti
2475331597059676288,GJ 54.2 B
2476262466795918080,TIC 24207396
2477750110323905024,LTT 897
2477815222028038272,LTT 884
2477891500647336704,GJ 59.2
2478001486169801216,LP 648-20
2479453696216295296,CNS5 445
2480523216087975040,GJ 64
2485433257060541184,TIC 248985037
2485668896146252288,LP 588-1
2486388560866377728,LHS 1353
2486388560866377856,LHS 1354
2486558126175258880,LP 650-215
2486984045196486784,GJ 3155
2487828199544312064,LP 649-93
2488960249844340352,GJ 2027
2491050180930470272,LTT 1079
2492866780297999232,LHS 1363
2493069773336748928,LTT 1147
2494515807221447424,G 159-49
2495221040851499264,TIC 35744217
2495442626804315392,GJ 9087
2495751967528809216,GJ 1052
2497858563088120448,LP 591-156
2498460442625153536,84 Ceti A
2498460442625344256,84 Ceti B
2499091523644792832,CNS5 721
2501452449987251840,GJ 3159
2501776500974951168,GJ 3172
2501883600279400064,LP 590-345
2501948402746099456,GJ 9093
2502865532882650496,GJ 9097
2503139173839015936,G 76-8
2506306454521815040,GJ 3132
2507016253701863040,GJ 3142
2507726817386486912,TIC 422653412
2508285983476098816,LP 589-23
2509463083685544320,CNS5 446
2510475768254568832,GJ 3103
2511235633868627712,G 159-9
2512515156165604096,G 159-10
2513664248895784192,Lalande 4268
2514052131687080192,GJ 3153
2515037264041041536,Wolf 124
2515329665414503808,CNS5 619
2515419825368053120,GJ 3158
2516322146457318144,GJ 100.1
2517082767985498112,GJ 9082
2517883830925784704,GJ 1041 A
2517883865285522944,GJ 1041 B
2517930182212851200,LHS 1324
2518828169682982656,CNS5 518
2519329585637068160,Wolf 110
2519736851615952256,CNS5 522
2519736920335457280,CNS5 524
2521467689076565504,Wolf 127
2523360429625103872,** KPP 4425B
2523361151179609216,GJ 9020 B
2523361151179609344,GJ 9020 A
2523361185538015744,** KPP 4425A
2523756288171059328,LP 646-16
2523840155996531456,WT 1141
2524879812959998592,G 270-126
2525276565243086080,GJ 1025
2525514785221197696,LTT 487
2525688198820543360,LTT 453
2525983520771085056,G 70-22
2526788363283721984,LP 645-53
2526862202360516224,GJ 1013
2527009743077668096,LP 645-49
2528227035593363840,GR* 50
2528728726428345216,GJ 3037
2529931622213191040,LHS 1115
2531195858721613056,LP 647-13
2531792756096759296,40 Ceti
2533723464155501952,GJ 56.3 B
2533723670313663872,GJ 56.3 A
2534338503471881728,GJ 3093
2535718905961089280,G 1-40A
2537831170877143552,CNS5 315
2538451703458011264,CNS5 336
2538865845678756224,CNS5 328
2540822873297340928,LTT 17138
2541756977144595712,CNS5 117
2542537011925737600,LP 585-58
2543062097446318080,LP 585-73
2543657311193637760,LHS 1090
2546762984866318080,LP 584-75
2547532539925750784,CNS5 149
2549518150551364864,GJ 31.4
2550544720750455040,LP 585-55
2551862790380630400,G 1-44
2552121179905893888,GJ 1027
2552288133874677760,Lalande 1799
2552925644460225152,Lalande 1299
2552928187080872832,vMA 2
2553195883802687104,CNS5 273
2553935752048977792,PB 6002
2555215995900584448,LP 525-21
2557991713005259392,GJ 3052
2559347994957228288,LHS 1252
2559743131948470272,LP 587-70
2560771312759450496,GJ 70
2564019716784563840,GJ 3078
2564020472698316416,GJ 3077
2564224878782283008,LP 527-16
2564324345929277184,GJ 3084
2565529071371410048,CNS5 408
2566627311688927744,LP 527-72
2567707478784058368,[BEM91] 11
2570824594248255104,CNS5 497
2571094283835172736,GJ 3128
2571309955621962240,CNS5 517
2572901021957789568,CNS5 405
2575383100738086656,GJ 74
2575610390407377920,LHS 1309
2576492198732809344,LHS 6021
2579116591253816832,Wolf 66 A
2580165873239656448,UCAC4 503-002005
2582335342824976768,TIC 406410264
2583721522045243008,LTT 10437
2584622022068408576,LTT 10408
2585034476367732608,LHS 1195
2585189473147457408,Wolf 72
2585856120791459584,HIP 7585
2586051833860608128,CNS5 399
2586931030846447488,TIC 47095952
2588250513519142400,LTT 10594
2589107273595379584,LTT 10585
2589304876450784128,CNS5 423
2590169844209007488,LP 467-63
2591201534008672256,LP 467-17
2591754107321120896,Wolf 1516
2593537751408707584,2MUCD 20070
2594967292614256384,LHS 3831
2595284016771502080,GJ 4274
2596004578755944448,LP 820-30
2599176120046382336,LP 820-19
2601148128510120576,GJ 4281
2603090003484152064,Ross 780
2603443492176803584,TIC 146366201
2604115877897249408,GJ 883
2604498958915619840,G 156-46
2604921308819786624,LP 761-6
2607095043307664640,G 157-5
2608006877750828160,G 156-36
2608006916403629056,G 156-37
2608516505683868800,LP 760-66
2608787122983146240,LP 760-37
2609049322146297472,GJ 4282 A
2609049322146670208,GJ 4282 B
2611163717366876544,GJ 875
2611463952760479232,GJ 4294
2611561706216413696,GJ 1276
2613754712222934656,LP 759-17
2613952555595615360,AP J22114311-1106189
2613995543924218240,AP J22084470-1053504
2614071100988460544,LP 759-25
2615804824667108736,LP 759-47
2616132101175106816,Wolf 1561 A
2616132101175335936,Wolf 1561 B
2617043665033540480,LP 758-62 A
2617043665033973376,LP 758-62 B
2617375820624665216,TIC 50131513
2617534627040896768,LHS 3735
2617720998555821312,LP 758-48 B
2617720998556760576,LP 758-48 A
2618333804489940992,LP 759-6
2619706544757416192,GJ 9769
2620145937091715072,LP 699-32
2621985763642381056,LHS 6406
2622810534801599360,TIC 250953832
2623505219992303104,GJ 4291
2627117287488522240,Wolf 1329
2627941715050682752,CNS5 5551
2629427189619178368,CNS5 5529
2629732510254843136,GJ 4284
2629875442474447616,TIC 176061460
2630815941525069696,HIP 115527
2631857350835259392,LP 702-50
2631876970245863552,GJ 9814
2633426216489127296,HD 221356BC
2633449095780158720,HD 221356D
2633449134434620288,GJ 9829
2633629729219547264,LTT 9524
2634902826245745664,LP 701-56
2635054730649017472,TIC 248049878
2635476908753563008,K2-112
2635543704085589504,LTT 9343
2635679803009267840,CNS5 5697
2635679803009267968,CNS5 5696
2636589099125426816,Lalande 45028
2637726956221339136,LP 702-58
2638410646295370880,Lalande 45292
2638553754605793408,LHS 3917
2639991331699321472,GJ 9835
2640434056928150400,GJ 1286
2641324936224547584,LP 643-17
2643842302456085888,GJ 9827
2644439955745152512,Wolf 1039
2645345918966845440,LP 642-72
2646054107534353024,TIC 419936422
2646192130603302400,Wolf 1040
2646280705713202816,GJ 900
2647033905538086656,G 29-42
2648914040357320576,HIP 113421
2650486341985030400,G 157-10
2650997236935063552,LP 642-18
2651994356541992320,TIC 419007915
2653762573103102592,Ross 279
2654155236198113664,Ross 276
2656049733382544768,UCAC4 460-128743
2656072582607976064,LP 641-4 B
2656072582608536320,LP 641-4
2656114879446514432,UCAC4 461-130062
2657646189906490240,G 29-14
2660358032257156736,GJ 895.2
2661803855688028800,GJ 9810
2661992314557186048,LP 641-57
2664042942398600064,GJ 4323
2664156432614468864,GJ 4329
2664368290465455232,GJ 4319
2664966085489407232,LP 582-37
2666240316386770560,LP 758-31
2667332230216493440,CNS5 5327
2667464656943675392,CNS5 5347
2668056572156599040,Wolf 939
2668249051115631232,Wolf 937
2669873515120908544,LP 698-42
2670213161135101568,Wolf 1336
2670240370138225152,LHS 6390
2670661109044300160,Wolf 923
2671157366745568256,LP 698-2
2671286009606028672,LP 698-18
2672507876262199424,LTT 18531
2673992663636347520,LP 638-50
2676023495972445184,GJ 4262
2676566272464334720,TIC 241256067
2676567307551465088,TIC 241255959
2676769445892285696,LP 639-11
2678215642985275520,TIC 265939352
2679694971455927296,GJ 4239
2679976510857026048,GJ 4236
2681122098893985408,Wolf 940
2683023811628007296,Wolf 1340
2683209044978079616,LP 639-19
2683452758602312192,LP 639-13
2683714304930755712,Wolf 990
2683961454529115264,CNS5 5450
2685525647258682240,LP 637-25
2688566793341935360,GJ 4203
2688566793341935616,GJ 4204
2689454850844597504,Lalande 41348
2692455319291894400,CNS5 5244
2692798534424338304,GJ 9739
2693095097621419648,LP 577-36
2693940725141960192,GJ 838.4
2696230389387273088,Wolf 983
2697080449314615168,GJ 9756 B
2700084315081609344,GJ 9756 A
2700417192226894976,GJ 4213
2701235916073211008,LP 578-23
2701687368675292672,LP 578-26
2701893698904233216,LP 578-24
2702655587447223168,LP 640-74
2703757298483054848,Wolf 1201 B
2703757302393547392,Wolf 1201
2704912403783213696,HIP 111888
2705239237909520128,CNS5 5628
2705587164620079232,TIC 293196365
2705611005983192320,GJ 4283
2705646366448978048,TIC 293159846
2705999034803810816,LP 580-40
2708264509793292544,Wolf 1019
2708839657453920256,Wolf 1034
2710189960812052736,GJ 4279
2711324381934051200,GJ 4304
2711324446359728384,GJ 4305
2716841250245859200,UCAC4 495-144434
2717105133036645760,GJ 863
2717930312217660928,49 Peg
2719475542667351552,Xi Peg B
2719475542667772416,Xi Peg
2719512513745949184,LHS 3856
2720132500864789760,GJ 9798
2720293407519457280,LHS 5381
2723557788822526720,Wolf 1014
2724890053318383232,Wolf 953
2728129004119806464,TIC 257045441
2732421914127191040,LP 521-15
2733790256348020608,Lalande 43492
2734574586095531904,LHS 3801
2735175263041913088,GJ 4259
2736448321412933120,TIC 51662271
2738145555048846080,GJ 9784
2738415592529108096,LP 584-4
2738884362439240064,LP 584-61
2739689239311660672,Lalande 46650
2740237242778256768,LTT 17049
2741149940509219072,CNS5 95
2741250786341356288,LHS 1058
2741452134407577216,GJ 1007
2741783362285662592,TIC 293222719
2741901697224268928,HIP 263
2742789930821144320,LP 643-65
2742801956727994880,HIP 117463
2745204733233732096,LHS 1009
2745473254589480960,HD 224660A
2745860763717896448,LP 524-48
2746378702412807168,G 30-26B
2746378702413952768,G 30-26A
2746709861572970624,Wolf 1051
2747429251414058240,TIC 293404949
2747910730136768768,2MUCD 20024
2748309788429397888,LHS 1079
2748791786839411072,LP 524-98
2751296646125543040,GJ 1014
2751999130977261184,GJ 3007
2752746111688997248,GJ 16
2753032774987048192,G 30-50
2756363608023588864,17 Piscium
2756552552224710912,GJ 4345
2756665286526260864,LP 583-21
2757306336165698304,LP 583-38
2757773388088667904,LHS 3962
2758618568934035456,LP 583-58
2758686773014648320,GJ 4364
2759228110692738304,HD 224476
2759428629829608064,GJ 4368 A
2759428634126128384,GJ 4368 B
2760661255379706240,CNS5 5864
2761162254724651776,GJ 2155
2761165175302182656,CNS5 5782
2766234439302571904,LP 464-57
2768048564768256512,GJ 12
2769753357547997440,LP 523-55
2770741509264349696,LP 523-78
2771736189329919232,LP 523-47
2772804845911842944,GJ 3008
2772904695310603520,LTT 17080
2775987485397299072,GJ 3051
2777125789169639296,LP 466-156
2779735819320035840,LTT 10228
2779735823615714176,LTT 10227
2780347152080719872,CNS5 128
2780964734018270080,LHS 5011
2781242085825625088,CNS5 229
2781513733917711616,CNS5 219
2781872793183604096,64 Piscium
2782423820307949952,CNS5 185
2783324526489670144,GJ 1030
2783518212334778880,GJ 9038 B
2783518418493208832,GJ 9038 A
2783610640030934272,LP 406-58
2784109474712610048,G 34-8
2784924659505377280,Wolf 1515
2784947921048199296,LTT 10398
2785466581298775680,CNS5 307
2786115533677290240,Lalande 2450
2786203082290674048,Rho Piscium
2787758616366123136,GJ 1024
2788757282161376512,GJ 1026 B
2788769028896753664,GJ 1026 A
2788907296779604864,GJ 39
2788907296779605376,HD 4913B
2789002576334151808,CNS5 263
2791782794564103680,GJ 53.1 B
2791782794564103808,GJ 53.1 A
2794018514021041664,DO 8324
2794420351160369920,LHS 1060
2794735086363871360,CNS5 175
2797745549200763520,GJ 1006 A
2797745549200773120,GJ 1006 B
2799371898696899328,LTT 10106
2799371898696899584,LTT 10107
2799992744809482112,LP 349-25
2800081221135505536,CNS5 138
2800823799506215168,GJ 3034
2801216123294143360,GJ 1011
2802278114087645440,StKM 2-73
2802397960855105920,54 Piscium
2803598863780120192,LTT 10330
2803640580793306752,LHS 1172
2804011562888218240,GJ 42.1
2804241012928464640,TIC 15651736
2805045756653326080,GJ 3060
2807687883095124992,CNS5 179
2808766710160351872,G 69-32
2808854877248978304,GJ 3057
2810002011474061568,GJ 1019
2810945804767773440,LHS 3933
2812500651648343552,GJ 4336
2813020961166816512,LP 522-46
2814379579582643328,LP 462-51
2814388440099904000,LP 522-57 B
2814388444395082624,LP 522-57 A
2814501281775322240,LTT 16874
2815480671757024512,CNS5 5716
2815503108666238464,TIC 97186726
2815542965962559488,HIP 114378
2815543034682035840,HD 218687B
2815747234607015936,CNS5 5706
2817999068780218368,GJ 4333
2819781274051096192,LP 463-23
2821435381919156864,TIC 434284054
2822328189657389824,GJ 4380
2823224910109771136,LP 463-57
2823757279896577920,CNS5 5775
2824567482526264576,2MUCD 12194
2824770686019003904,GJ 896 A
2824770686019004032,GJ 896 B
2825274743381064320,GJ 4326
2826159850239895296,GJ 9834 B
2826159850241446784,GJ 9834 A
2826640989657988992,GJ 1290
2827319663210149120,LP 402-58
2828928008202069376,Ross 671
2830099469122381056,GJ 4306
2830318679957189632,CNS5 5627
2831490694928280576,HD 218261B
2831490694929214464,LTT 16785
2832641058969396864,GJ 2153
2832735823127881088,HIP 113884
2832827391830929920,GJ 1271
2833330968155957888,GJ 9795
2833336809311479936,LTT 16702
2833919859711849600,LP 460-44
2834386568038204416,LP 460-42
2835207319109249920,Helvetios
2836510961942677376,GJ 4292
2836609093355562496,GJ 1273
2837037662371901184,GJ 4301
2840714875932461440,LHS 6422
2841076512178583168,TIC 91134751
2843520279850901120,TIC 436776448
2847596444332138752,G 129-49
2847644410525542016,HD 224129B
2847644410526748416,LTT 17047
2848150288954631296,GJ 3003
2848303052351577344,GJ 1292
2848408772970345600,CNS5 5923
2848646203058386560,LP 348-40
2851052759133803776,G 68-46
2853900872207888768,85 Peg
2854535874531776000,LP 403-16
2854716469316709632,G 130-21
2855386170682263424,GALEX J002116.1+253133
2855386174976559488,StKM 1-27
2855662697855715456,TIC 306124300
2856765684112654336,LTT 10063
2856874535763703680,GJ 3027
2857810632475676800,LTT 10209
2858600494141185280,Wolf 1056
2859027409595355776,GJ 3033
2860379125997924480,Ross 680
2860810718671625344,LP 292-63
2860839993168687872,LTT 10110
2860924621205256704,GJ 5
2860957125517813248,GJ 1003
2863419584886542080,GJ 3028
2864382138598091648,Ross 298
2864730954365391232,TIC 120736797
2865029029391974400,CNS5 5867
2865535629374939520,LTT 16922
2865634825939649792,LTT 16928
2866851710433326208,CNS5 5859
2867032958053059200,GJ 4365
2867107342590523392,2MASS J23545010+2849141
2867175035571212416,GJ 910
2867514406706887808,GJ 9841
2867826668010103040,LHS 4008
2868199402451064064,GJ 1288
2868826845633950720,CNS5 5777
2869128764655109504,LHS 3940
2869556440318958848,GJ 4342
2870356816063753728,LP 346-8
2870375301602980224,LP 346-6
2870375610840622848,Ross 243
2870739343031622144,GJ 4339
2871113658020223872,LP 346-56 A
2871343486014101888,GJ 4343
2871730307948650368,GJ 9838 B
2872988394066393344,LHS 3997
2873220249284763392,TIC 369661495
2875096978193654528,HD 224636
2875096978193873024,HD 224635
2875557677861519744,LHS 1037
2876239130257160960,CNS5 71
2876427357199501056,LHS 1043
2878280549688490240,TIC 352103702
2878734647990816000,GJ 9840
2879011896718248320,TIC 432420381
2879203933297161088,GJ 906
2879455480942629248,GJ 1289
2881296093470007040,PM J23554+3819W
2881313793031884544,CNS5 5901
2881373338459356416,GJ 4381
2881491570317649920,GJ 4369
2882438455989090176,2MASS J06003089-4027531
2884107098026680064,CNS5 1496
2884162387142135936,CNS5 1511
2885863400349980288,CNS5 1524
2886233695250041216,LTT 2449
2886405528302243584,CNS5 1549
2886405528302243712,CNS5 1548
2886691573123995520,CNS5 1531
2887295720403762560,WT 2443
2887328533953284096,GJ 218
2887731882922767744,Wazn
2888819334281713536,WT 2438
2888823075195849728,WT 2440
2889899840676982912,LHS 1823
2890783233848205952,TIC 143209292
2890783233848206208,TIC 143209291
2891185070986964608,HD 40887 AB
2891185070988913536,GJ 9196 C
2891430433878632064,** NSN 76A
2891430433878632192,** NSN 76B
2891695137006940544,CNS5 1567
2892996035358675968,CNS5 1561
2893319154338907264,LP 894-32
2893677457691363584,LTT 2591
2894666773339058688,LTT 2614
2894711926334634880,TIC 117817258
2895487456076198656,LHS 5118
2898239468873596800,GJ 3394
2898608526823037184,WT 1498
2898839424265628928,GJ 236
2899039432302133632,CNS5 1588
2899947933845777920,GJ 9212 A
2899948041224332288,GJ 9212 B
2900977287185258880,TIC 140282940
2901786974419551488,TIC 24452802
2903754309959700224,CNS5 1422
2904719543730089344,TIC 32930843
2904830113367963264,GJ 1079
2905516483501493120,GJ 3350
2907884728469088384,LP 893-17
2908164348019926272,LP 837-16
2910909931633597312,LP 837-53
2911981886751531648,LP 838-16
2913314288686472576,EUVE J0613-23.9B
2913411183147100416,HD 43162B
2913411183149615744,GJ 3389
2914376038961656064,UCAC4 325-008608
2914958642685255168,LP 837-17
2915187925218983296,CNS5 1424
2916399449592697088,CNS5 1487
2916860488567340160,WT 1471
2917239476478912512,CNS5 1459
2918040883015489408,GJ 3382
2918666466474401408,TIC 172703217
2918894859953947392,GJ 243
2919383519853573504,CNS5 1701
2919769761972092160,LP 895-21
2920124904228150144,LTT 2631
2920395762045967616,TIC 172405494
2920772722738017920,GJ 259
2920995300823950720,CNS5 1704
2922666665878956032,LTT 2667
2923887295576778496,CNS5 1651
2924339469735490560,HIP 30344
2926033267402660224,LP 839-29
2926101127885235712,CNS5 1695
2926756741750933120,LP 780-32 A
2926756814770728064,LP 780-32 B
2926944659464115328,PSO J102.0278-20.9771
2927791352138805504,LP 840-16
2928420272788743296,CNS5 1791
2928420272788743424,CNS5 1792
2929062902976882304,GJ 2055
2930012262549006336,CNS5 1803
2932111573841023360,CNS5 1731
2932111573845020672,CNS5 1732
2932346628813361408,Pi Canis Majoris B
2932346628813365504,19 Canis Majoris
2932903703242234112,TIC 80033631
2936850125355960576,GJ 2049
2937651222651937536,HD 44573B
2937651222655480832,LTT 2527
2939555954755196160,7 Canis Majoris
2939712016683081856,LP 780-22
2939952564911565312,** WSI 123A
2940211607277084672,CNS5 1611
2940856402123426176,GJ 229
2944727125434832768,LP 779-34
2945455521833759744,CNS5 1663
2945557226655701888,TIC 78384108
2947050466531873024,Sirius B
2947071425961581184,CNS5 1673
2947463298779960960,LTT 2622
2948306177526059520,CNS5 1745
2949436372399442560,LP 721-16
2949559723859043456,HD 51849C
2949560479775040256,GJ 256
2950868451932669440,LP 720-31
2952805860139695872,LP 721-12
2952805860139696384,LP 721-11
2954061532478049664,CNS5 1691
2954555801611979648,LP 892-32
2954622425142243840,TIC 30946525
2955230936111808768,TIC 30943870
2960883628470038400,GJ 186
2961304432185419776,LP 836-41
2961704070302754304,LP 836-45
2962193318618003584,GJ 199 B
2962193318618221056,GJ 199 A
2962658549471532672,CNS5 1287
2962658549474035584,GJ 3331
2962658549474035712,CNS5 1286
2963680098856000128,GJ 9184
2963947933017930112,TIC 93279433
2964000159821218432,Gamma Lep
2964001014514075520,Gamma Lep B
2964203466393004928,LP 837-19
2964885266679458944,LP 836-35
2965774153111101696,LP 778-31
2966316109264051072,HD 39855B
2966316109264052096,HIP 27922
2966696643363780736,CNS5 1451
2966696643367820032,CNS5 1450
2966790170574625408,HIP 27075
2967199704297025664,UCAC4 355-009197
2967741488650812928,UCAC4 361-009821
2967789386125779200,HD 39071
2972016080621222528,GJ 214
2972230554107163264,CNS5 1389
2974726131970829952,GJ 185 A
2974726136265625088,GJ 185 B
2976507997939000064,GJ 190
2976850598890749824,GJ 3325
2979566285233332608,TIC 246902200
2979590513145784192,GJ 180
2980492387558410112,58 Eridani
2980822034888930176,LP 776-25
2981185389121883520,LP 776-12
2981583790285440000,HD 34721B
2981583790287411200,GJ 198
2981869663310442496,UCAC4 363-007808
2982808337003815040,GJ 3329
2983256662868370048,GJ 3346 B
2983256662869643776,GJ 3346
2983397469077381632,GJ 193
2984010584248485632,LHS 5103
2985035874544160384,CNS5 1344
2985445481282657024,UCAC4 383-008489
2985451459877085696,TIC 442958692
2986540491784276992,LP 777-2
2986977753815048064,LP 717-3
2988197868124362112,LP 717-18
2989642519027010560,GJ 3327
2991458504218554496,LP 779-17
2993516583828101504,LP 719-37
2993516583828102656,LP 719-38
2993676867708999296,GJ 9210
2994158767335285120,TIC 306331621
2994892519549840768,LP 719-35
2995725777563537792,Eta Lep
2996171698248699904,Zeta Lep
2997171394834174976,CNS5 1488
2999254213453678720,CNS5 1476
2999321180586629120,CNS5 1503
3000225425824867584,HIP 30979
3001708117255217664,TIC 25509602
3002163349423052544,CNS5 1621
3002957677856537728,CNS5 1622
3003146828214395904,CNS5 1583
3003146828216906624,CNS5 1584
3003813372780260864,TIC 25574527
3005440443830195968,LHS 1810
3005809226902815360,LP 659-20
3006023219353984256,CNS5 1539
3006969830147466496,TIC 25045994
3007559370624135424,Ross 417
3008980699473962368,TIC 94991161
3009191736986345472,CNS5 1429
3009908378049913216,HIP 25486
3010782833390635264,GJ 3369
3011223668834627328,CNS5 1467
3013672487388307456,LP 718-5
3013762509902721792,LHS 5106
3014628959425010688,LP 717-36 B
3014628989487556480,LP 717-36 A
3015584160150844416,LP 658-106
3015684005638599168,Wolf 1457
3016516095038210304,CNS5 1377
3017863275957247872,LP 659-8
3020513098978972928,UCAC4 424-013473
3020520589403929856,Ross 415
3020628405966983936,TIC 242064626
3021454899409650816,UCAC4 430-012952
3022099969137163904,GJ 221
3022439786949104256,GJ 3366
3022685626580347392,GJ 3376
3022685630877620096,HD 40397B
3022685905755527296,GJ 3377
3022956969731332096,HL 4
3023121827755777280,GJ 2045
3023290087394302848,UCAC4 427-010701
3023526379315580800,CNS5 1426
3023711269067191296,GJ 1085
3024663171259457664,LP 659-6
3025369710559015936,G 106-6
3025404791851801728,LP 658-71
3026511175437908096,GJ 3442
3027559353615045760,GJ 2058
3028064269960442624,TIC 385563347
3028470161558479232,HIP 36121
3029689554311211264,Ross 391
3031748699076624768,CNS5 1845
3031776702261629184,UCAC4 376-029298
3032105353154128256,TIC 295277613
3032390401547521024,Ross 55
3033134118086793728,LP 722-17
3033364873792430208,LP 728-12
3033594607301224064,LP 722-22
3036768068439044608,5 Pup
3037592156694079744,CNS5 1939
3038607830561555072,LHS 1979
3041360251765933568,TIC 6607850
3042171588265477376,TIC 94125400
3045251148530763392,CNS5 1802
3046640175314154624,CNS5 1770
3046660035248293632,GJ 267
3047206526892169728,TIC 318277378
3049088409759068160,LP 721-18
3049533162211440512,TIC 125265000
3050203310249250304,LHS 1872
3050513754787437312,LHS 1873
3050759422614537344,LP 661-13
3050824572980613120,UCAC4 409-021682
3051343817347672576,CNS5 1787
3051506991743533184,Gaia DR2 3051506991743533184
3052418589963163264,LP 661-15
3052753116376444800,GJ 1094
3052844272764398208,GJ 261
3053492881541639552,GJ 3450
3053492881541641600,GJ 3449
3054448838181163520,HIP 36827
3056233482992410496,CNS5 1904
3056888654482427264,TIC 178134616
3057492217642259200,TIC 66307070
3057712188691831936,GJ 282 B
3057712223051571200,GJ 282
3058039362114874496,CNS5 1807
3059182338820698624,CNS5 1798
3059246454092369024,CNS5 1808
3060332221821297408,G 112-24
3060426058267356928,CNS5 1857
3060641356390249728,GJ 1097
3060788519149063680,GJ 282 C
3062730668994961024,LP 664-22
3064885260813278336,GJ 3501
3064886536418158208,GJ 3502
3065768550901629056,CNS5 2101
3066710282611675520,1 Hya B
3066710282611675776,1 Hya
3066712069318056832,1 Hya C
3073118648694573312,GJ 3504
3073123351683582720,CNS5 2109
3073508528645520000,GJ 2070
3073562610873679872,GJ 3507
3073747187092773632,LP 606-12
3079124421723401856,LP 545-41
3080039799513337216,CNS5 2131
3080857458209146368,CNS5 1922
3080863574242572032,CNS5 1923
3080863574244739712,CNS5 1924
3082317193037072256,GJ 9245
3083867749248355328,GJ 293.1 B
3083867749248355456,GJ 293.1
3084005871097768576,TIC 72922027
3085716990368639744,GJ 1103 A
3085871437392148992,CNS5 1910
3086118793148247296,CNS5 1885
3086145387585648128,TIC 65751167
3088637946087230336,GJ 287
3089675232224086784,HIP 40774
3089711447388931584,GJ 2066
3089829644889680256,LP 604-16
3091750491702249088,TIC 265014861
3091982587439255168,CNS5 2092
3093380483331664896,CNS5 2068
3094290019967631360,GJ 3474
3094290054327367168,GJ 3473
3094447525008511488,CNS5 1997
3094572113419797248,GJ 3485
3095792502606237312,LP 544-15
3097573333486712832,UPM J0812+0709A
3098328182579892096,Ross 619
3100542495921276160,CNS5 1650
3101382419728401408,HIP 33719
3101920046552857728,GJ 250 B
3101923001490347392,GJ 250 A
3102997052549615488,TIC 25422091
3103811515783541504,CNS5 1652
3104566124363421568,TIC 43152747
3104733181410232576,CNS5 1633
3105780638033974528,2MASS J06443124-0242034
3106548406384807680,CNS5 1666
3108940565734700928,TIC 268688836
3111871348333725696,UCAC4 458-033944
3113219383949651840,HD 49933B
3113219383954556416,Lalande 13198
3116021729853781376,CNS5 1766
3116031865976921216,TIC 292181908
3116065985196889216,GJ 266
3117320802840630400,LP 600-42
3117320802840630784,G 106-51
3120174031215549824,G 106-45
3121200807575320448,CNS5 1558
3121522311646906240,CNS5 1534
3121708163472527104,LP 600-8
3122723081424459136,TIC 232396068
3124542635730704896,HIP 30112
3124762018746179200,LHS 5113
3126078138080784896,UCAC4 458-025335
3126453655659835136,GJ 3410
3126552749144643328,G 108-36
3127503620545728128,GJ 3404
3127574019351694848,GJ 3405
3129596266051096320,TIC 237864235
3130059366600230912,** KPP 3681A
3130059366600231040,** KPP 3681B
3130091149360313984,HIP 31083
3131514462863888768,CNS5 1585
3131611155467283328,TIC 234729391
3131777319158581376,HIP 31246
3131777319158582272,HD 46375B
3131963480225963392,CNS5 1636
3132301476972621184,G 108-27
3134548741299795968,TIC 319085677
3134682194522547968,GJ 1099
3135225421986581504,Ross 880
3136033356873855488,CNS5 1827
3136232952593850496,CNS5 1862
3136952686035250688,Ross 882
3138456714862505472,GJ 3461
3138513408427398016,TIC 280533618
3139847906307949696,Luyten's star
3142234190137464832,TIC 234383996
3143635723866162432,GJ 3463
3144499458967932672,GJ 3467
3144837112115126400,GJ 1102 A
3144837318276010624,GJ 1102 B
3145665903366297472,LHS 5129
3146187071877364992,LP 544-17
3146196314647040128,UCAC4 494-048210
3146303001634267392,LTT 12124
3146559428361977472,TIC 443910815
3147904852637255424,TOI-6981
3148236183594211072,TIC 264985536
3149589510609268352,CNS5 1883
3151159991171308672,TIC 18998800
3151407827963355136,TIC 453209059
3153772873178431744,HIP 33848
3153877399801800576,TIC 374974954
3154043872730266240,TIC 403732064
3154045826938994048,TIC 403731861
3154368194301157376,CNS5 1782
3154550541435395200,G 108-52
3155195714240292736,CNS5 1814
3156974449176326528,LP 482-13
3159427219099237248,LP 482-5 A
3162868961075273728,TIC 425172285
3163201979956736000,GJ 2057
3164984116506805760,TIC 247170724
3165287719154543232,GJ 276
3165346538729784192,CNS5 1882
3166484739422960640,CNS5 1813
3168265196642972288,Lambda Geminorum B
3169197926101007232,LHS 6126
3169256883114489472,GJ 3448
3169256887411823872,GJ 3447
3171631420210205056,LP 775-31
3173510176346843136,HIP 22424
3173680600645518848,TIC 117937826
3174528461551365888,TIC 117846366
3174528461551366016,LP 715-44
3174976821778062720,LHS 1694
3175523485214138624,TIC 70964263
3175952638346424832,LTT 1941
3177222814794675584,TIC 70901653
3177244255271333248,GJ 2033 B
3177244255271333376,GJ 2033 A
3177407910705445888,LP 715-51
3178132420149741824,LP 715-39
3180270454868010368,LP 716-19
3181197137010596480,CNS5 1193
3181197137010596608,CNS5 1194
3181367767472670080,LP 716-10
3181588219554237184,GJ 3314
3181961503752885248,HD 32965
3182634954624823168,GJ 9178
3182910554085960320,LP 657-4
3183748278864953856,CNS5 1284
3184351876391975808,GJ 173
3185759697949251456,GJ 9163 B
3185759697950315008,GJ 9163 A
3186021141200137472,GJ 3306
3186280900821901824,CNS5 1168
3187115498866675456,GJ 3323
3187838977517682944,UCAC4 417-006715
3188395880157173120,GJ 177.1
3188811632989991168,LP 714-37 A
3188811632992226176,LP 714-37 BC
3191480078993217408,LP 715-12
3191994547355916288,TIC 67745212
3192389821785729408,CNS5 1048
3192982561632526208,CNS5 1069
3194816237788234496,GJ 3256 B
3194816237789820544,GJ 3256 A
3195919254111314816,40 Eridani C
3195919254111315712,40 Eridani B
3195919528989223040,Keid
3195979005694112768,CNS5 1041
3197487123332369536,CNS5 1017
3197623222256888192,LP 655-23
3198812859478372480,CNS5 1087
3200303384927512960,LP 655-48
3201465362560016768,TIC 229084959
3201854039920480640,LHS 6077
3202598100054836096,LP 655-3
3203124697405667712,CNS5 1089
3203300859784180096,G 82-2
3203300859784180352,G 160-54B
3203807116169000448,HIP 20142
3204883744211014912,2MASS J04362886-0321349
3205094369407459456,GJ 3305
3205095125321700480,c Eridani
3205270359986680448,TIC 138760347
3206204463833911552,LTT 2028
3206632861053251328,TIC 24344174
3207120455805080832,GJ 3340
3209071715282243200,Wolf 1451
3209938366665770752,Wolf 1453
3210380713937584768,CNS5 1334
3210711671234654848,Wolf 1450
3210731015768096000,Wolf 1449
3211461469444773376,GJ 183
3211734354486408960,TIC 248409532
3211922645854328832,Cursa
3212075924646082176,68 Eridani
3212318332599958784,G 84-25
3213873312623554048,TIC 249028857
3213958769587525888,GJ 200 A
3215353667595003776,G 84-40A
3215353671887667200,G 84-40B
3217523558083415040,CNS5 1406
3218697767783768320,GJ 1086
3218721677865937664,2MASS J05523129-0002124
3219132482897057152,GJ 3367
3219457457305021568,CNS5 1417
3223516063958808064,Wachmann Variable
3224280950390920960,LP 538-9
3225643760694676480,G 84-24
3225814734752249472,LP 656-9
3228023859770327424,G 84-26
3228124598226930816,CNS5 1255
3228854506445679616,TIC 269077806
3230008650057256960,CNS5 1180
3230306548988683392,LTT 2033
3230595651827092864,LTT 11451
3230595686186830848,LTT 11453
3230595686186831104,LTT 11452
3231329541480243968,GJ 3307
3231945508509506176,GJ 182
3232115103881666944,LP 596-30
3232309683080514560,CNS5 1231
3232591299792476672,GJ 3313
3233120164884973824,CNS5 1214
3233691292456404992,LHS 5101
3234412606443085824,HIP 25119
3235885299189354496,GJ 1080 B
3235885299189856384,GJ 1080
3238437574916370048,GJ 3321
3238449635184620672,CNS5 1250
3238810137558836352,LTT 11601
3238938265024916608,GJ 3328
3238965099979863296,TIC 455029978
3239389064789380992,CNS5 1251
3241886536733197312,LP 536-37
3242153305741855744,GJ 3339
3243715604392800512,GJ 1065
3244574670863796608,LHS 5079
3244915072792668416,Ross 584
3248028717923282048,GJ 3235
3248236559980000512,TIC 279225873
3249341363007713536,LP 593-13
3250289726147347968,TIC 471012794
3250328209054347264,HIP 17695
3250489115708824192,HD 22879B
3250489115709122560,GJ 9121
3252692330853394304,** MCT 4A
3252841310381645696,CNS5 1003
3254552013035736832,TIC 248612830
3256334497479041024,GJ 157 A
3256334497479304832,GJ 157 B
3256786534197166208,GJ 159
3257243312560240000,GJ 3252
3259040155078606464,UCAC4 461-006142
3261591090771914240,GJ 3223
3261878613062758144,GJ 135
3262596353637434368,G 77-44
3263836568394170880,10 Tauri
3263936658312134272,HIP 16846B
3263936692671872384,HIP 16846
3264130653394056320,CNS5 898
3265335443260522112,94 Ceti
3266760032372995072,LP 591-256
3266937637860051840,CNS5 799
3267769968163015168,LP 592-38
3269132022551595264,GJ 1058
3269362645115584640,Kappa Ceti
3270079526697712768,LHS 5084
3270388416449237760,CNS5 969
3270590765246119168,Ross 588
3271668905115228672,GJ 148
3271754323425685248,LHS 6064
3274291270411229056,GJ 3237
3276231775290986880,LP 533-20
3277413647212887808,LP 533-59
3278030198356627584,LHS 5075
3278137572540701056,CNS5 944
3278325004913943808,GJ 3250
3278753264691218176,HIP 21006
3280675417175220224,GJ 3289
3281680164644906112,TIC 457201111
3281805779551809024,G 84-3
3282093301842469376,CNS5 1130
3282511876473223552,GJ 9158
3283853143218651264,GJ 3288
3285218186904332288,HIP 19859
3285218255623808640,HIP 19855
3285714066647420032,LP 535-114
3285714066648802816,G 82-20
3287088009506738048,LHS 5097
3288082758293022848,Ross 401
3288572968680438528,LTT 11537
3288572968680438912,LTT 11538
3288921720025503360,Tabit
3289545143117828480,LP 536-20
3289877848463999104,LP 476-186
3290144853694962304,2MASS J05053287+0836256
3290765291786058496,13 Ori
3291643148740384128,GJ 3322 A
3291643148741783296,GJ 3322 B
3292000966760477312,GJ 3326
3292704349261874944,TIC 450083428
3293037741802934528,TIC 450071564
3293037741802934784,StKM 1-508
3293154736711966976,CNS5 1203
3293468131885305216,GJ 9162 B
3293515101648626816,GJ 9162 A
3299381442858615936,GJ 3270
3299496547982121216,CNS5 1103
3300578673582192384,CNS5 1073
3300729031796977024,CNS5 1084
3301319572621418368,GJ 3259
3303349202364648320,CNS5 983
3304935076090945536,G 7-14
3306244972396544384,GJ 3302
3306924676740679168,GJ 3291
3307009304776119936,GJ 3285
3307883450880112256,GJ 3292
3308523332288542080,TIC 436631912
3308694237625985280,LP 476-37
3308742032023794560,LP 476-6
3309629853302813696,LP 415-396
3310083401849536384,LHS 1690
3310480909661217664,LP 474-219
3311213115686175616,LP 475-53
3311899034847352576,LP 475-7
3313069881590622848,Alpha Tauri B
3314939979068074624,CNS5 1482
3315035533500290304,TIC 281987170
3315824192575362176,LTT 11750
3315882290597093504,CNS5 1462
3315907411861516160,GJ 223
3315920983958629504,TIC 282120414
3316364602541746048,GJ 3379
3316984005545134592,CNS5 1530
3317715352578415360,2MASS J06193555+0454419
3317879695205667200,LTT 11812
3317901165746471552,GJ 9208 A
3317901440625203968,GJ 9208 B
3318883274442195840,HD 42182B
3318883274444631296,HIP 29208
3319126988068404096,GJ 3387
3319330054119742976,TIC 159028275
3320184202856435840,GJ 1087
3323368281154260736,TIC 156566943
3323397147633734016,TIC 102209602
3324181683539044224,GJ 3392
3325157736332326784,CNS5 1535
3326650224581677312,TIC 231199877
3326724441616325888,CSIMon-005084
3327170877694724096,Ross 603B
3327170877700242944,Ross 603A
3329891443126668544,G 105-20
3330062833797919744,GJ 230
3330473222213987072,Gaia DR2 3330473222213987072
3331979901042416512,k Ori
3332180179657615872,TIC 385822666
3333673286384172672,G 102-24
3334997304542444032,GJ 3368
3335857603672231040,TIC 80609280
3335857603672231424,TIC 80609269
3336130626153639424,DIL 68
3338097377577012480,Ross 41
3338162729799839104,Ross 42
3338886277169904128,LP 477-19 B
3338886345887759232,LP 477-19 A
3339136927164194176,CNS5 1365
3339705374677738880,Ross 45B
3339705378973587328,Ross 45
3339914973377653760,CNS5 1394
3339921875389105152,GJ 208
3340477717172813568,Ross 47
3340814889285222400,G 102-11
3340966243931480064,HD 35956B
3340966243931480448,GJ 3347
3341002562175024640,Ross 43
3341624061123288448,Ross 46
3342799469117920896,CNS5 1468
3342958387205080064,CNS5 1479
3343203715737349376,TIC 247869954
3343573598320013440,CNS5 1502
3344627926892606208,CNS5 1569
3344649676604345472,Gaia DR2 3344649676604345472
3345968334645285376,GJ 227
3346787883122375680,** LDS 5667B
3346787986201584896,GJ 224
3347284175182472832,CNS5 1457
3347284175186268160,CNS5 1456
3347826784173590656,GJ 9188
3348325893730781952,CNS5 1444
3348740650136554368,CNS5 1478
3348805143361118464,CNS5 1472
3349802297332186496,CNS5 1481
3349805247975323392,G 104-8
3352081447497931264,CNS5 1657
3352091927220152320,GJ 3398
3352152743956693376,LTT 11882
3352485999058854912,Xi Geminorum
3353219029715555968,UCAC4 515-033771
3353254454605685888,TIC 387224876
3353254695123859456,e Geminorum B
3357701803041885696,CNS5 1685
3357801171408044544,Wolf 289
3357958852543597056,CNS5 1662
3358418684623972864,WD 0647+170
3358735760588625152,G 110-14
3359074685047632640,Wolf 287
3361034083487398016,CNS5 1765
3361210791323909504,CNS5 1737
3362528491586472960,CNS5 1837
3362649918901844608,HIP 36249
3363049071685181056,LTT 12010
3363266366969232128,GJ 3437
3363902571884367232,CNS5 1824
3364557601640710272,GJ 3413
3365063724883180288,GJ 1093
3365092380904700544,G 88-2
3365853960214183040,TIC 57526575
3367558512468755968,G 109-51
3367795633320598528,CNS5 1749
3368183451687684224,TIC 255626305
3369088315397965056,HIP 30067
3369132536382082432,CNS5 1577
3369132776897491712,CNS5 1576
3369198846380425344,LTT 11832
3369198983818682624,LTT 11833
3369987166154163200,G 105-28
3372159045216183552,GJ 233
3372159045217009920,GJ 233 B
3372681102783523968,LTT 11876
3374052988354372992,71 Ori
3375625461782073984,CNS5 1601
3375742869007697152,LP 419-1
3376098320501050240,TIC 426616305
3377365057060447616,Ross 64
3378112793303551872,TIC 195129641
3379399707241488640,UCAC4 562-034550
3379956708664289280,TIC 392019042
3379989457790428416,HIP 33537
3380787325274157824,Ross 874
3381727613874753536,37 Geminorum
3382740882560780928,CNS5 1630
3382815271394515072,GJ 241
3383405537340380416,TIC 430213846
3384836208125382400,CNS5 1654
3384970485982241408,TIC 353440749
3385632185824490240,TIC 284496549
3386515265459448192,GJ 3399
3387765753776917504,UCAC4 513-011297
3390022703255507328,TIC 302675479
3390044040652614656,CNS5 1372
3390818582171734656,GJ 2043
3390818582171735040,GJ 2043 B
3391737292854784768,LTT 11571
3392328795750841984,Ross 388
3393705865345852544,TIC 411887056
3394298532176344960,111 Tauri B
3394484074763973504,CNS5 1340
3394868667611359744,TIC 293946315
3395539232265931520,CNS5 1307
3397015189186833408,TIC 52298280
3399063235755057792,54 Ori
3400111547084348928,G 100-38
3400292798990117888,111 Tauri
3401857232237672960,TIC 6024777
3402193923314871296,TIC 6418456
3402351217901366528,CNS5 1348
3404065223385705600,G 100-19
3404727747858610432,CNS5 1217
3404960736954828800,TIC 436678563
3407046751026721152,TIC 303679959
3407572287520660992,GJ 3337
3407611182744289152,m Tauri
3407785622839603968,GJ 192
3408086549724569600,LHS 1738
3409167094776800384,LP 359-216
3409711211681795584,Ross 33
3410346286637015040,CNS5 1195
3410478399832994688,LP 415-217
3410976925275317760,G 85-6
3411146456224432384,LP 415-1896
3411339626674506624,GJ 174
3411398347466374144,CNS5 1176
3411564889118510848,BPM 85800
3412806512623627008,GJ 1072
3413174711580137728,HD 30973B
3413174741644826112,GJ 2035
3415503442849782528,TIC 337507563
3415629951108585088,Ross 795
3417486515149124608,TIC 62018465
3418324583527645440,CNS5 1254
3418745627761697024,LP 359-178
3418863344225339520,CNS5 1302
3419611630606267392,Ross 794
3420855590574476544,CNS5 1300
3421771896077274880,G 85-49
3421840993510952192,CNS5 1297
3422405214775411840,TIC 61956866
3423169272278001920,Wolf 258
3423743487932697472,PM J06047+2219B
3423743492225744128,PM J06047+2219
3424208650074561280,LTT 11740
3424781736143842432,TIC 119031076
3425067853982554240,2E 1607
3426333598021539840,CNS5 1517
3427005159112726272,Wolf 1058
3427097552448456704,HD 252023
3427930123268526720,Ross 59
3428298528382128000,CNS5 1453
3429699684156117760,Ross 60
3429822520218093312,TIC 79042694
3430559983283360384,G 103-7
3431716154115314432,TIC 79168228
3432218798435750016,CNS5 1582
3432427499483568384,LHS 5116
3433594669734887424,2MASS J06242138+2815056
3435263350428249472,UCAC4 598-033236
3435347596210300672,CNS5 1612
3435919896308345856,G 103-41
3436215871093331328,UCAC4 612-033536
3437770919839668608,TIC 400166860
3438662181385940864,UCAC4 606-031635
3438897369503999872,TIC 138244798
3439045258110278400,TIC 138291351
3446141540516032640,CNS5 1371
3446840486315485184,TIC 2848024
3448722953300327680,Ross 406
3449170488894369792,LHS 5108
3450909087357313408,TIC 312126465
3453257133093515648,GJ 9199
3453537263745550848,CNS5 1510
3455921181049073280,CNS5 1420
3456311885631965184,TIC 265485796
3456337827237371264,Lalande 10797
3456734987154379008,TIC 174765774
3457493517036545280,CNS5 1508
3458273551816578560,CNS5 1486
3458946556009961216,** NSN 97B
3458946556012401024,** NSN 97A
3459368076986593408,TIC 461204308
3459586677937737088,CNS5 2982
3459773354395918080,GJ 2090
3460347849221303296,GJ 2086
3460438662009633408,LP 961-53
3460498276154993664,TYC 7755-893-2
3460498276156113664,GJ 2088
3460507140966842496,** KPP 3859A
3460507140968551680,** KPP 3859B
3460806448649173504,CNS5 2924
3460907947316392704,CNS5 2938
3461592255865451648,TIC 134977159
3462607925435602560,CNS5 2973
3463299110228918272,CNS5 2895
3463773893093461632,LP 961-42
3464118555629154560,TIC 277958255
3464323648907314176,TIC 141973157
3464392093506134912,LHS 2473
3464485826872541440,CNS5 2860
3464893058489831552,2MASS J11412238-3504068
3466404092409078272,GJ 3702
3470292824518708864,CNS5 3101
3470386321662727040,CNS5 3079
3470655152255696768,LP 909-25
3471143919533988224,CNS5 3123
3472067715459501824,LP 909-5
3472352592050451968,CNS5 2986
3472374376124622336,LHS 2521
3472485972258777088,HD 106549A
3473913108288671488,LP 908-10
3474043228617135360,LP 908-25
3474303984671795584,LP 908-21
3474993275382942208,LHS 325a
3475210871310758272,TIC 443673580
3476422193822600192,LP 852-50
3476835610197278208,CNS5 2851
3478127463341507072,20 Crt
3478127467639543296,20 Crt B
3478160727866058368,GJ 433
3479221035031532416,GJ 3692
3479243059623564160,TIC 448644190
3480332916165099904,GJ 446
3480395137355028480,HIP 57271
3481588421005428608,LP 906-21
3481936107197986048,LTT 4244
3482326708703712640,17 Crt B
3482326708703712896,17 Crt A
3482765551281619456,HIP 55052
3483307365699695232,CNS5 2797
3483753359401247104,LP 907-10
3484025454167211136,CD-26 8683B
3484025454168955264,LTT 4312
3486531309886887680,TIC 402106928
3486653767994941952,LP 908-5
3487062064765702272,GJ 453
3487220772397809536,WT 1902
3487222490385290880,LTT 4404
3487784718782929920,LTT 4447
3488261563231724032,LP 852-57
3488268435179333888,UCAC4 321-067575
3488911718200312704,HD 106453B
3488911718201071616,LTT 4595
3489338019474046720,Alpha Crv B
3489338019475637760,Alchiba
3489719481290397696,LP 852-7
3489874340630661248,CNS5 3006
3489874340631095936,CNS5 3007
3490286416972291584,CNS5 2994
3490527755479959936,GALEX J115020.1-255336
3490715741903588992,CNS5 2898
3492633633781166336,HIP 58374
3493736924979792768,LP 851-346
3494677900774838144,GJ 1153
3496085516176070912,UCAC4 313-071012
3496355755520065408,LHS 2597
3496359397652313856,LP 853-11
3498481519515679872,GJ 1164 A
3498481592531208576,GJ 1164 B
3499296429434610304,LP 854-3
3499614570544095232,LHS 2573
3500012696832490240,LP 853-29
3502412621478297088,LP 853-34
3502592975744957824,CNS5 3177
3503443271894443904,TIC 219701862
3504014060164255104,CE 303
3504677100035314816,GJ 500
3506061587037686144,LP 854-50
3506567328028533120,LHS 2710
3506707348255161856,LP 797-52 B
3506707348255978880,LP 797-52 A
3507879565090229888,61 Vir
3513116607693000704,LP 52-34
3513235453731968000,TIC 423540219
3514907334177346688,LP 794-49
3515021992624319872,Ross 692
3515021992624334080,TIC 423529215
3515253160648329088,LP 795-38
3517119173615245824,GJ 468
3517470944320919040,LP 794-38
3517619520125627904,LP 794-23
3517841140438425600,GJ 3709
3517841209157902720,GJ 3708
3518916943846357376,GJ 9387
3518918112077486720,LP 794-19
3519785523672576384,Ross 695
3519902656020508288,LP 794-53
3520548825260557312,Ross 697
3520585968137789184,Delta Crv B
3520586071217872896,Algorab
3521407509481957120,LHS 2557
3521461591710214272,LP 735-9
3523229125371172608,CNS5 3104
3524996177995941632,Wolf 1060
3525007929026463744,HD 112575B
3526198184723289472,LP 736-15
3526420114274019456,Eta Crv
3526665614604204160,LP 735-16
3526709869947149440,CNS5 3082
3526876102361317760,GJ 3735
3527860199628089600,LP 735-46
3528362362908431616,GJ 469.2
3528362367203258624,GJ 9409 B
3530280499598321792,LP 736-31
3530383784971799680,LHS 5226
3531087369335473664,LP 906-10
3531294008802299392,GJ 3654
3531296963739811200,GJ 1145
3531371833610186368,CNS5 2744
3531971582843325184,GJ 9347
3532823773073745536,GJ 3648
3535527678325156352,LP 849-56
3535702088357353728,UCAC4 321-064521
3536123338748976256,GJ 9349
3536327366875661056,CNS5 2719
3538007420641336448,GJ 1143 B
3538007420643155712,GJ 1143 A
3538891462352289536,LP 850-13
3539043194955549696,LP 849-55
3539057213728669184,LP 849-51
3539966819083068160,LP 851-27 B
3539966849145897728,LP 851-27 A
3540112504374165888,GJ 3671
3540491079971287552,CNS5 2862
3542490095189596544,LP 793-33
3542490095189650560,LP 793-34
3543109704351294848,GJ 3694
3545469496823737856,GJ 425 A
3545469496823737984,GJ 425 B
3545594119595158912,LP 792-16
3546047977378251008,LP 792-59
3546332682170832128,Ross 1002
3546521385853639168,Gamma Crt B
3546521385854108928,Gamma Crt
3547944531854903168,LP 792-33
3548426598985862912,UCAC4 370-061450
3548657977462443520,UPM J1133-1531A
3549886711771965184,TIC 437235302
3551002857809958400,b03 Hya
3552000252294347392,HIP 54373
3553216483953017600,LHS 5186
3553682127126319360,GJ 3614
3554395813252625920,GJ 401
3554395813252626048,GJ 401 B
3555173782156353536,LHS 2303
3555381246254001024,LP 790-28
3555963059703156224,TIC 408449426
3556664208819888512,LP 791-15
3557461767066965248,LP 731-28
3557761109108080128,LHS 5179
3558078936688219776,GJ 421 A
3558078971047964800,GJ 421 B
3558266708748472960,GJ 421 C
3558854607781867392,LP 792-14
3560746351897773952,GJ 3668
3561220000891316736,CNS5 2827
3561445881810794368,LHS 2399
3561574971346845440,GJ 1144
3562157781229213312,LHS 2397 aB
3562427951852172288,LP 791-18
3562717226488303360,DENIS 1058-1548
3562962623740696576,GJ 416
3564313133257411840,LP 731-47
3565623270081275264,LP 732-21
3566338949070993536,LP 732-15
3566643651231641600,GJ 415
3566923923617986560,CNS5 2935
3567707360012123776,2MASS J12035903-1715086
3569610404187997696,GJ 3707
3570845980378511232,CNS5 2999
3571124882669324800,LP 734-34
3571164636886908544,StM 164
3573119499842945280,GJ 443
3573665957121305856,GJ 3699
3573665957121306240,GJ 3698
3574377616021489024,GJ 9390 A
3574377616021489152,GJ 9390 B
3574445407785255296,LP 734-29
3574523370032644992,GJ 3700
3574523576191075328,CNS5 2948
3575733210781078016,Lalande 22585
3576327737332306688,CNS5 3049
3576519980067360768,Ross 946A
3576519980068187008,Ross 946B
3577009675059597056,TIC 348966891
3578493912677730048,Ross 948A
3578493912678529152,Ross 948B
3579017589450369280,LHS 2591
3579784327012046336,LTT 4719
3581926313102422528,LP 674-13
3582595881324546944,LHS 2523
3582675080520660992,LP 675-7
3582720018762446848,UCAC4 406-055523
3584226658929871232,LTT 4635
3584388909910567680,LP 675-4
3584656640992625280,CNS5 3022
3585097235918075776,** UC 2181C
3585098090614578688,Iota Crt
3585205366015070080,LTT 4282
3585636855607582336,GJ 444 B
3585636855608873984,GJ 444
3585840196540898688,LHS 2438
3586054360789914240,LP 733-11
3587227436617483648,GJ 3688
3590516110255264000,LP 733-99
3591011474602344320,TIC 453451630
3591095243645039872,GJ 9360
3592116483788799744,LP 673-63
3592769731134725248,LP 672-42
3593710810008880768,GJ 3672
3594869798344732160,LP 674-14
3595317540095019520,GJ 452
3597096309389074816,CNS5 3004
3602130732616055040,TIC 78273885
3602189792709909504,CNS5 2922
3602406744394215936,CNS5 2930
3602827822987865344,TIC 35017228
3604430185090810624,TIC 335010451
3605249600427076352,GJ 3800
3606183188877989376,LHS 2803
3607932305719586688,Ross 467
3608139353206904192,CNS5 3322
3608334005420675584,LP 737-51
3610474857638415616,LP 738-80
3612604950963820160,LP 739-56
3612684120096472192,LP 739-2
3618051798424433792,LP 678-7
3618109522784875008,CNS5 3381
3618657732410663808,GJ 3814
3619356162812208512,TIC 2734385
3619515385839767936,LTT 5425
3621610157353795584,LP 737-14
3623036949785128704,LP 736-27
3624929346735355904,TIC 178918139
3626268998574790656,GJ 491 A
3627381669982295168,LP 676-30
3629758603668233728,LP 676-58
3630015546177181952,Ross 476
3630035787972473600,Wolf 485
3630092241022731136,Ross 478
3632451071421231360,HIP 66587
3632779859757659008,LHS 2804
3633065148665344384,GJ 9458
3633249797899130368,LHS 2796
3633926753464638592,GJ 9456
3635080656558301184,66 Vir
3635087494146425600,G 14-52
3636256549884389248,LHS 2719
3637468383496879104,Ross 488
3637670178240157696,UCAC4 441-056908
3637980098784983936,Ross 486B
3637980103080627328,Ross 486A
3638560954457699200,BRLT 212
3639512375613095424,CNS5 3552
3639794778302745088,Wolf 534
3640244581637740416,GJ 9472
3640828731549972480,Syrma
3642410791343099008,GJ 544 B
3642413746280598784,GJ 544 A
3643555726544985088,CNS5 3489
3643608125146023040,LHS 2862
3644256252890922240,LP 679-32
3645393972547522560,CNS5 3471
3646061719703116032,GJ 3830
3648394677218755584,LP 620-47
3649057407852320640,CNS5 3607
3649114960414008064,G 124-48
3649239888127592832,LHS 6268
3649601421294715136,TIC 181955372
3649861009118391296,LP 620-52
3652796572020424448,GJ 3843
3652910371473481344,GJ 1183 A
3652910405833716864,GJ 1183 B
3653289634266017536,LP 620-16
3653827329811719680,GJ 3840
3654496279558010624,GJ 547
3655333420223782144,Wolf 537
3655492127855307136,GJ 3867
3657653114880309248,GJ 536
3658091957458756864,TIC 203215123
3659547947076421760,TIC 119131988
3659878388975309696,GJ 3828 B
3659878388975310208,GJ 3828 A
3660416565557981440,G 64-30
3660530536810146048,GJ 3818
3661492609484469504,GJ 1176
3662358955927624960,Wolf 490
3662549240158756096,LP 618-51
3662636823132300032,Heze
3662657851291101824,HD 118036B
3662657851291871104,HD 118036A
3662665715376647296,GJ 1173
3665076433275547904,Wolf 1495 A
3666886156399692672,TIC 446420914
3666992950762141312,LP 560-1
3667514634669861120,LP 559-47
3668176368871118208,GJ 1182
3669916071144145920,LTT 14256
3669916380381791104,LTT 14255
3670188028473398784,2MASS J14245712+0544015
3673771439947412864,LHS 2896
3674243817629910016,LP 559-44
3674243817630610304,LP 559-45
3677094164086948736,CNS5 3161
3677448412989388032,Ross 972
3679530441335862656,LHS 5217
3680418881090968576,GJ 3736
3680458326070745728,GJ 1162
3680612219043341824,GJ 3731
3680612223339219328,GJ 3732
3681919233426269056,GJ 3747
3683234524210341376,TIC 175378094
3683687763520080384,Porrima
3684934540986187776,GJ 3769
3685363487960149376,GJ 493
3685703546290587392,LTT 5031
3686259727375524864,LTT 5135
3686261307923490688,LTT 5136
3687315670855001344,LHS 6253
3689321489301802496,LHS 5231
3689602277083844480,GJ 488
3692994476615405184,PM J12241-0414
3693536394118295808,CNS5 3058
3693536398408130944,CNS5 3059
3696226697202741760,TIC 350565543
3698498322584980992,TIC 262812075
3698534434669937024,GJ 1154
3698723962986793344,Wolf 406
3698979462002285824,CNS5 2954
3699014096618129792,CNS5 2968
3699797150759489792,CNS5 3027
3699797155055781760,CNS5 3028
3701290326205270528,GJ 1155 B
3701290326205270784,GJ 1155 A
3701479918946381184,CNS5 3033
3702983196155254016,TIC 380766293
3704193243061410944,LHS 2619
3704392873141718912,Wolf 457
3705324881045028992,Wolf 461
3705361680324471552,G 60-38
3707083515533601280,LHS 2599
3707528955181712896,LHS 2593
3709422000670924416,LTT 13703
3709637096929192960,LHS 2629
3711482627195848576,LP 617-64
3712538708114516736,GJ 3781
3712538811193759744,GJ 3782
3713594960831605760,Wolf 489
3713826030072008192,Wolf 1494
3713898151162861184,LP 558-1665
3714667225186824064,Wolf 1487
3714914271705535360,CNS5 3382
3715645373922988928,TIC 393672661
3715722687629983104,GJ 3778
3715937504714734976,LHS 2722
3716045119414857984,LP 557-69
3716608138087936128,GJ 3772
3719665845564967552,GJ 2102
3721431798677998720,TIC 379117095
3721866964764373760,LHS 2828
3722120333475177984,TIC 389510633
3724242219117947904,GJ 538
3724596914697213056,LP 558-26
3724701024704375424,LP 498-48
3724962880270554752,GJ 3802
3725115471868587904,HIP 67105
3725570772761744384,GJ 1178
3727036765358820224,LP 498-87
3727298827083333504,LHS 2831
3727748630418376704,Ross 837
3728074738695246336,LHS 2808
3728528871357360512,TIC 72546623
3728773375255516288,LHS 2805
3728979323235476352,Wolf 515 A
3728979327527368064,Wolf 515 B
3729017810434416128,GJ 9429
3730621070186855424,GJ 3757
3730679138144442496,CNS5 3233
3732539683617410816,e Vir
3732674373792211584,LTT 13805
3734930606012228096,Wolf 439
3734997676221475584,Wolf 438
3735000631158990976,Wolf 437
3737299190281888256,Wolf 468
3737299194576141312,Wolf 468 B
3737308025029348608,Ross 458
3737775386190261248,TIC 88221846
3737813697298504576,StKM 2-901B
3737813697298504704,BPM 88721
3738099879558957952,Ross 490
3738495703745045120,GJ 513
3739654932598696576,TIC 27212458
3740176925743994752,70 Vir
3740258186524389888,LHS 2779
3741297293732404352,Lalande 25372
3741794788384670464,G 150-17
3742264417288315648,LHS 2774
3743523495541380736,LP 437-81
3745619095984248448,GJ 516 A
3745619095984248576,GJ 516 B
3746973763029907328,GJ 1171
3748348324361601536,LTT 3835B
3748348324361602432,LTT 3835A
3749120250244516480,CNS5 2570
3749848985936082432,TIC 410064294
3750749378584132992,TIC 334774892
3750995604764854400,LTT 3926
3756814117220079488,TIC 148612683
3757613049856225792,GJ 3622
3758629475341196672,LP 731-76
3758803507415614080,LP 671-61
3759774208680370688,GJ 3632
3759794618364919424,LP 671-46
3762071530853756928,LTT 3877
3762231926405726720,WT 1827
3763445409285757824,GJ 1140
3763681215875388288,LTT 4004
3765286988182947840,HIP 49809
3765325471089276288,CNS5 2477
3765772972322477696,GJ 386
3765773620862115200,G 162-37
3766333787676996736,TIC 422207461
3766401961693098368,LTT 3689
3766401961693098624,HD 87424B
3767281639714811648,LP 729-55
3767281845873242112,LTT 3780
3767851972716355712,GJ 9328
3767878708888402816,GJ 390
3767924750937734912,2MASS J10231950-1001087
3768299512604079488,LHS 2258
3771091202691573760,LTT 3612
3771184150079043456,LP 668-27
3774703583720247552,LP 670-16
3774789959807192064,GJ 399
3778027269931886592,LHS 2298
3778200992769095808,LP 610-53
3778683850172544000,UCAC4 419-051840
3779940798121520640,LHS 6184
3782031794359713536,LHS 2257
3783206210217512320,LP 672-23
3786550031235785344,CNS5 2790
3786697056556771584,Lalande 21565
3787904732640409216,LTT 4030
3788190605663811840,GJ 1142 A
3788194488314248832,GJ 1142 B
3788517916531415552,LTT 4105
3789058803237072128,StKM 1-896
3789271459953459328,LTT 4075
3792473718850041216,CNS5 2847
3793898411041910144,CNS5 2867
3793898479761174656,CNS5 2866
3794437034301022720,LP 613-62
3794485653330841984,CNS5 2915
3795389692406967424,Ross 129
3795863444478073344,PM J11428+0029B
3795993633527490304,GJ 3686
3795993633527490560,GJ 3685
3796072592206250624,Ross 128
3796442680948579328,Zavijava
3797370909280252160,CNS5 2838
3799191837974913920,LP 613-12
3799464826095973504,Ross 912
3799626935341796096,LTT 13232
3800049044727527936,LHS 2420
3800205514681024640,TIC 380156051
3800758057928927872,89 Leonis
3801886118203373184,CNS5 2670
3802665122192531712,CNS5 2637
3803094829375222144,CNS5 2652
3807374025551266816,G 163-7
3808159454810609280,CNS5 2650
3808908222229202176,G 45-21
3809562019330343040,TIC 281730615
3809562019331072384,TIC 281730616
3810750831918988928,TIC 363531154
3810811579936440960,CNS5 2805
3811594088617869056,Wolf 363
3811594122977607680,HD 96937B
3812076361905737088,LP 552-18
3812313134862957696,LP 552-56
3812355294262255104,83 Leonis B
3812355328621651328,83 Leonis A
3812756203689026048,GJ 3664
3812948480784759424,LP 552-64
3814369840081992448,GJ 1146
3814642931282607104,GJ 3637
3815264842546968192,Wolf 369
3815413929451499904,LHS 2351
3815775943655043072,TIC 281795498
3816101811413834496,LP 551-35
3818309974360005888,Chi Leonis
3818309974360006016,Chi Leonis B
3818557673713011712,Wolf 373
3818676249170081408,TIC 291016455
3820383996887145088,GJ 3565
3820428320949662464,G 161-66
3823307284773157248,GJ 372
3823532242274678016,TIC 146600960
3823729157935421952,GJ 3561
3824279085547913088,LTT 3551
3824364263339264768,G 161-60
3824731809460825728,GJ 9299
3825820772648802688,CNS5 2418
3825820772648802816,CNS5 2419
3827116478382551936,TIC 179664303
3828238392559860992,GJ 382
3830128624846458752,LHS 5165
3833990796878014720,TIC 270025714
3835161669386895616,TIC 344926760
3836344438956110208,LP 549-10
3836540220745072384,LHS 6182
3836586468952863488,CNS5 2481
3836586468953204608,GJ 9313
3837697972130323456,31 Hya
3837746380705638656,31 Hya B
3838046787898605184,LHS 5152
3838384617141390208,LP 607-32
3840711729206827520,GJ 1125
3840824948839560576,GJ 3555
3842541041679093888,G 46-30A
3842953667775304192,TIC 270691674
3843330735839291648,G 46-24
3844124407140189440,GJ 9295
3844416606650794752,LP 607-54
3844632759469347584,CNS5 2356
3845035696121944576,CNS5 2302
3845829101135351296,GJ 3553
3845908124238526848,CNS5 2320
3846345523708141568,LP 608-70
3846639574348918528,LHS 6176
3847123707357532672,GJ 3570
3847128380281953664,GJ 371
3847645013308140800,Ross 888
3850237416912716928,LP 549-6
3850532189108251008,G 43-13
3852362605385919616,LP 548-1
3852570413083923072,GJ 349
3852973276720568704,TIC 455280915
3853943806185777664,LHS 2195
3855208897392952192,Ross 446
3856498658891737728,TIC 277776848
3856858160539107584,LHS 5171
3858161704589355776,GJ 3624
3858896247076028288,GJ 398
3860610076465867520,CNS5 2553
3862117335108574848,LP 550-135
3862361392330264320,Ross 98
3863754056950355840,LP 490-68
3864228496219589120,GJ 3631
3864311616720496640,CNS5 2668
3864615459886222464,Wolf 358
3864972938605115520,Wolf 359
3865002247461685248,GJ 3633
3865934633321490048,CNS5 2672
3868080055385587840,GJ 3643
3869072742586989440,LP 490-50
3869489010817484544,GJ 3619
3871653498240785280,GJ 3636
3872383986278067968,LP 490-63
3872649793599712640,LHS 2325
3873066031380105216,GJ 403
3873114543035393024,StKM 1-828
3873461954734052736,GJ 3583
3873864513044635648,LP 549-39
3874528072607143296,TIC 377165934
3875651975353757440,LP 549-32
3875652014008894720,LTT 12749
3877491767544828288,TIC 350022489
3878334581862379136,LP 489-20
3878988516403240320,LHS 2207
3879819059998988288,LP 489-1
3880785530720066176,Alpha Leonis B
3880785530720066304,Alpha Leonis C
3881331094645624960,GJ 3576
3881626244798724480,LP 489-35
3883317121883053184,LTT 12774
3883368588478223360,GJ 3598
3884641758516220544,LP 490-42 B
3884641758517313024,LP 490-42 A
3886019480945496576,2MASS J10364483+1521394A
3886930903070855936,2MUCD 10893
3887696579775197312,HD 89906B
3887696579776144512,HD 89906A
3888505064418997888,TIC 70678943
3889368043607829376,CNS5 2568
3891115064506627840,MGC 27205
3892003847858849536,LP 554-32
3892263435682383488,TIC 301676770
3893524816036885120,LHS 2525
3894986960344055680,LP 554-25
3895876671408042496,StM 162A
3896357089270247168,CNS5 2934
3897324590782822528,CNS5 2886
3897324590783699200,CNS5 2887
3897724469417979264,UCAC4 483-053012
3899128064731508736,GJ 3693
3900151160301345152,17 Vir
3900151916215125760,17 Vir B
3901165013100805248,LP 555-25
3902307268243107456,LHS 2545
3902522222766436736,LP 495-213
3902745286187581312,Wolf 414
3902785006045478656,Wolf 417
3902874650601954816,Wolf 424 B
3902874650602495232,Wolf 424 A
3903318372263850368,Wolf 427
3903379292080122368,CNS5 3117
3904628406009296896,LP 554-50
3906781868251603712,LP 494-56
3907283967108054528,GJ 1156
3907641136588506624,Wolf 422
3908056236588331136,StKM 1-1003
3908605030329021440,GJ 464
3910661735547769344,Wolf 397
3911082878569883264,CNS5 2856
3911410464311357568,G 10-52
3912369208386557440,Ross 119
3914019231742221568,Wolf 386
3915363693944966528,Wolf 398
3915627198778363264,Iota Leonis C
3916646549136689792,LP 493-52
3916987054143833600,G 57-16
3917742487351643520,LP 493-32
3919427007885527680,Ross 122
3920292873292057472,TIC 86151914
3920340594673228928,TIC 14826771
3920481233377933824,CNS5 2990
3924206653650135168,Ross 115
3926309980739042048,TIC 14775152
3926968661219149184,LTT 13302
3927886100593557888,LP 496-48
3928391218812375808,Wolf 433
3928803883564551040,LP 495-235
3931880591977203584,LP 495-189
3933889601583713920,TIC 87532960
3933950216457765632,G 61-13
3934198156329808896,HD 110315B
3934198156329809152,GJ 481
3936227889154718464,LP 436-57
3936753661871508096,LHS 2705
3936909723803146368,GJ 505 A
3936909723803146496,GJ 505 B
3937348188424298112,LHS 6243
3940052815229913344,GJ 1168
3941342198772052352,V* MN Com
3941419679982061824,TIC 157201374
3941497741011628672,2MASS J12590661+1900193
3943232534137347072,GJ 499 B
3943232534138172672,GJ 499 A
3943234217765374336,GJ 2097
3943239882828182784,GJ 499 C
3944972030252710400,LHS 2674
3946438125929224320,LTT 13439
3946585254328792192,Ross 127
3948128006581121408,G 61-9
3948402369092593664,LP 435-442
3948760569364949632,TIC 371608626
3949199167129128832,GJ 3734
3949377704625720192,HIP 61099
3953011178238339584,GJ 3730
3953845192168088576,GJ 3724
3956837478702437632,V* KX Com
3956837478702863744,** LDS 942A
3957887649746830976,Lalande 23900
3959759155975996672,GJ 3739
3960456315067417600,CNS5 3088
3960988409975710080,GJ 1163
3963458767789502336,CNS5 2737
3964517807941310848,Gaia DR2 3964517803645723904
3964957646951931904,LP 492-16
3965148618378008832,Wolf 368
3965764619767224832,CNS5 2804
3966121308211393920,88 Leonis
3966121308211394944,88 Leonis B
3966634844566024960,2E 2442
3967223018862271104,StKM 2-734a
3967288096206889600,UCAC4 528-053485
3968118399284369280,LP 491-51
3968512574202866560,CNS5 2730
3969552570469131648,TIC 77109257
3969552574763799808,GJ 413
3969885761146749824,GJ 1141 A
3969885761146749952,GJ 1141 B
3972130276695660288,GJ 3649
3974184885971126144,UCAC4 541-051262
3974240961063678976,CNS5 2831
3974251440784390016,G 56-47
3974526181252628480,LP 433-54
3974692997781566080,CNS5 2907
3974796042637565696,LTT 13228
3975078892003894144,LTT 13272
3975266461816068864,LTT 13306
3977589729885034496,TIC 386967862
3978179338700027008,GJ 3652
3978254586528389632,TIC 3814454
3978879594463300992,Ross 627
3980176601571879424,** NSN 616A
3980176605866642176,** NSN 616B
3980560507224374400,Ross 903
3981640330721637632,LP 431-32
3982007636324256000,SDSS J110142.87+172137.6
3985153334796556928,CNS5 2699
3985578197256622592,LHS 2344
3986412584848128000,GJ 3623
3987041475434695936,LP 430-46
3988689609004982912,GJ 410
3988944695702883584,LP 373-35
3988987164339438208,Ross 104
3989777266522932224,LHS 2330
3989925872391445888,LHS 5177
3990494251184010496,LHS 2364
3990812761663064960,LP 374-30
3991423716466143232,G 120-18
3994104184084389504,LTT 13067
3994492865736279552,GJ 3657
3995235242243230208,LHS 2345
3996306127913903232,LTT 12936
3996306127914172928,LTT 12937
3996405942953789696,TIC 172572159
3997075206232885888,GJ 3651
3997576171218205312,LP 318-380
3997806518904483840,LHS 2394
3998674480255094016,CNS5 2755
3999432971480096640,CNS5 2943
3999433452516434560,LTT 13324
3999645142864600320,LP 375-69
4002350285065884032,GJ 3717
4002440548098640896,TIC 141274365
4004185576130620288,Gaia DR2 4004185576130620288
4004395720290994048,WD 1152+246
4004586348119642240,GJ 3691
4004600401251919488,CNS5 2912
4005261104661587584,UCAC4 575-047674
4007861690179758464,GJ 455
4008018301867181952,GJ 9379
4008237757516459392,Wolf 409
4008728655097959552,Sand 53
4008897567571892480,HD 108421A
4008897773729524224,HD 108421B
4009083969152655872,GJ 3726 C
4009907091045107584,LTT 13470
4009947704255866752,Wolf 411
4010201828880793984,Wolf 408
4012679853211789312,LTT 13545
4013436557729636736,GJ 3720
4013559634312673792,LHS 2529
4014093550287412736,TIC 139053298
4014114544086577792,LP 320-118
4015042738059517440,G 148-48
4015042738059517568,LP 320-416
4015233503327508352,LTT 13490
4015371320236765952,G 148-43B
4017860992519744384,Ross 905
4019458647338779648,GJ 433.1
4020400520783058560,UCAC4 601-049541
4021079911593673600,GJ 439
4025472705360139904,LP 264-61
4025850731201819392,61 Ursae Majoris
4026880286402654720,CNS5 2958
4031586157514097024,GJ 450
4033926502373393408,LHS 2503
4033926506668450816,G 198-19B
4034171629042489088,Lalande 22369
4035123015837707136,LP 216-35
4037085334973293824,Gaia DR3 4037085334973293824
4038724053950164096,HD 165185B
4038724053986441856,GJ 702.1
4038797789974368128,CNS5 4491
4038797789974368768,CNS5 4492
4039831777499368960,Gaia DR3 4039831777499368960
4040285772776989056,CNS5 4411
4040839376832467584,GJ 2133
4041663873163840384,L 559-169
4041857799496807936,GJ 9604
4043852481204049536,CNS5 4467
4044295274980460416,CNS5 4549
4044763258965594112,LHS 3383
4045112624470837888,CNS5 4563
4045383928932097280,L 560-86
4045967975765745536,UCAC4 290-184502
4046709772499428608,LP 923-18
4046709875578636672,LP 923-19
4047622985588974848,CNS5 4567
4047622985664694656,CNS5 4568
4049101450833287296,Gaia DR2 4049101450833287296
4049899352660748032,L 559-37
4050492058162529152,LP 922-13
4051606378878066816,GJ 2137
4052121633175747200,UCAC4 309-196378
4053144251998981888,TIC 51346116
4053559111471124608,CNS5 4344
4055579464064558592,CNS5 4405
4055584308787727488,GJ 2130 B
4055585060376248832,GJ 2130 A
4055999065209453312,LP 921-20
4058369298698605440,LP 920-61 B
4058369298708349824,LP 920-61
4059215823917758720,LP 920-40
4059215823975992960,CNS5 4257
4059973524888355584,CNS5 4284
4060950333528619904,LP 920-23
4061038504933968768,Gaia DR2 4061038504933968768
4062634824094396928,CNS5 4444
4062783361232757632,CNS5 4456
4063191108246057472,CNS5 4460
4064593187342783488,CNS5 4489
4067100486171496320,TIC 126387245
4067934538842548864,TIC 203260923
4068499305485306240,UCAC4 331-122279
4070661430758667008,Gaia DR2 4070661430758667008
4070879786834883840,TIC 105154011
4071372539860350464,GJ 4074
4072260704719970944,HIP 92444
4073379904492310656,TIC 155244011
4073475012238397440,CNS5 4652
4074347646496765824,TIC 109062277
4075141768785646848,Ross 154
4075275874835683584,TIC 91083456
4076014471814188160,GJ 9630
4076915349846977664,Kaus Borealis
4077308317802600704,Gaia DR2 4077308317802600704
4078129004456574592,TIC 5608958
4078189271399246208,TIC 224333842
4078319494857310336,LP 867-15
4079684229322231040,GJ 722
4080825969002728320,CNS5 4770
4082791277319699072,LP 812-110
4083994314834200960,CNS5 4757
4086259033953267328,CNS5 4663
4086490824705790976,LP 811-17 B
4086490824728216704,LP 811-17 A
4087368200624899840,CNS5 4739
4088457984145905280,CNS5 4724
4088716373694306048,TIC 319025953
4089362336781210880,TIC 128363872
4089416865704854400,Gaia DR2 4089416865704854400
4089485138480752384,Gaia DR2 4089485138480752384
4089889720173545344,Gaia DR2 4089889720173545344
4090011426635298688,HD 170905
4090030805532140416,Gaia DR2 4090030805532140416
4091394474765160832,Gaia DR2 4091394474765160832
4091615545394673536,Gaia DR2 4091615545394673536
4092124619268931584,TIC 2902827
4092300609839943040,TIC 2419211
4092388708225823616,LHS 3396
4092990622155744000,CNS5 4561
4093301474693288960,GJ 716
4094032443707053568,CNS5 4513
4094679437572611712,LTT 7246
4095396422225930624,G 154-43
4101357699404676736,CNS5 4735
4101582957531738112,GJ 741
4101968375059565568,GJ 4077
4102447349793657344,UCAC4 384-125165
4102780020842452736,CNS5 4591
4103671243754951296,GJ 2138
4103719347391021952,CNS5 4593
4104261509619199616,UCAC4 377-108819
4104785667416467584,MACHO 301.45946.11
4105057482987021184,CNS5 4648
4105057482994688384,CNS5 4649
4105161253755590400,UCAC4 383-121975
4105386688016878336,Ross 720
4107011972287556992,CNS5 4637
4107012041007171456,GJ 2139
4108554857678482432,LP 919-15
4108828945319007744,CNS5 4187
4109030160308317312,36 Ophiuchi B
4109030160308320128,36 Ophiuchi A
4109034455276324608,30 Sco
4110023156763233408,GJ 4007
4110096961504087168,CNS5 4281
4110228589254067328,TIC 191636710
4111251689120620160,2MASS J17262200-2410487
4111251723554095104,b Ophiuchi
4111366313257506560,GJ 4008
4111629818140602496,PM J17227-2302
4112138303515401216,GJ 2124
4112391401695033856,UCAC4 324-100764
4114677389434590720,Gaia DR3 4114677389434590720
4114726279009806976,CNS5 4258
4115142207982341504,Xi Ophiuchi
4115142276679903360,Xi Ophiuchi B
4116504399886241792,CNS5 4364
4116840541184279296,LHS 3308
4116870812104603520,CNS5 4376
4116903316460504576,Gaia DR2 4116903316359559424
4117290138348536064,58 Ophiuchi
4118171568655203328,Gaia DR3 4118171568655203328
4118195139455558016,CNS5 4361
4119484316856950784,Gaia DR2 4119484316856950784
4120210132023399424,Ross 133
4122133688842323840,TIC 76353498
4123339101486997504,Gaia DR2 4123339101486997504
4123874907297370240,CNS5 4393
4124051889957546624,GJ 9598
4124397553254685440,CNS5 4322
4125171197089493760,55 Serpentis
4127182375667696128,CNS5 4141
4127420626087054976,GJ 641.1
4128848956112011264,TIC 198443329
4130085906688472832,LP 862-197
4130485171153338624,LTT 6700
4130485789628835840,LTT 6701
4130971047908354304,CNS5 4085
4132033901994675456,LHS 3237
4132842313621569792,CNS5 4166
4134107168607042816,GJ 3973
4134597202897079936,CNS5 4225
4134976470029593088,TIC 429632898
4136445314452075776,2MASS J17150994-1515307
4136502179820402304,CNS5 4229
4137734865485308800,GJ 1217
4139489552908817920,CNS5 4203
4139531467491239680,LTT 6847
4140696473069943424,CNS5 4189
4141722248708069376,PM J17195-1230
4141979774942939264,GJ 3996
4142016913519679360,GJ 3999
4142017673735064448,GJ 4000
4143776239543076864,Gaia DR2 4143776239543076864
4145033393613641984,CNS5 4455
4145132555890838784,CNS5 4457
4145205501565331712,CNS5 4469
4145224021471116800,Gaia DR2 4145224021471116800
4145870293808914688,GJ 1224
4145949974020604416,Gaia DR2 4145949974020604416
4145952482286171392,Gaia DR2 4145952482286171392
4145974506881158784,Gaia DR2 4145974506881158784
4146801339628550144,UCAC4 376-107031
4147112604476417792,CNS5 4478
4147993588172928640,CNS5 4424
4148469573640411392,LP 808-25
4148742110750865920,Gaia DR2 4148742110750865920
4150201167011422464,Gaia DR2 4150201167011422464
4150249919153716480,CNS5 4465
4150469344794192512,2MASS J17573276-1253503
4150826170635895424,GJ 4042
4151320676012146816,2MASS J17532790-1221453
4152557420406043264,GJ 2135
4154598526336121600,Wolf 1462
4155146598548456064,Ross 719
4155202364362108544,CNS5 4623
4157616097307511168,CNS5 4527
4157884863488937472,2MASS J18152361-0906487
4158060785356113792,Gaia DR2 4158060785356113792
4158743444628155776,UCAC4 409-075550
4159076837181675904,TIC 18736587
4159791176135290752,CNS5 4577
4160406589092160896,Gaia DR3 4160406589092160896
4160661607077241472,GJ 9625
4161034758178900224,CNS5 4552
4161156632144614528,GJ 4051
4161254832282736384,LHS 5337
4162703606326651392,CNS5 4328
4165225959018604288,Ross 819
4165561928540617856,Wolf 1473
4166869660174061312,LP 688-37
4166869660174943104,LP 688-38
4168312459956062208,Gaia DR3 4168312459956062208
4168368844280868992,LP 688-3
4168972957203048704,UCAC4 415-071811
4169232338868860160,CNS5 4308
4169409974417144192,CNS5 4341
4169462136799175296,TIC 4013904
4171084878520425216,CNS5 4502
4171383636445972096,CNS5 4483
4171749945627705856,LHS 6326
4172062825402675968,UCAC4 417-073414
4172521356104707328,UCAC4 423-076903
4174799784711199616,CNS5 4498
4175058204312299904,GJ 696
4175226257790341504,LP 688-26
4175239619429149056,TIC 46909822
4176501313320676992,LTT 7057
4177224620176470912,Zeta Serpentis
4177370099303687552,LP 629-18
4177731838628465408,GJ 701
4177911333902753280,CNS5 4490
4178755415232881152,2MASS J17552867-0125598
4178967960283848192,PM J18044-0111B
4178967964583161856,TIC 105582492
4181867308017304576,** NSN 144A
4181867308017305088,** NSN 144B
4181999352495280000,CNS5 4868
4185275209966301568,Ross 727
4186212234378946304,TIC 438920658
4186907915999571840,2MASS J19385411-1153164
4187836934609063552,HD 183870B
4187837450005193088,GJ 1240
4188152322648398592,TIC 99622466
4188996885011268608,GJ 773 B
4188997606567280384,GJ 773
4189472728736232704,LP 754-8
4189696174410805376,UCAC4 390-125759
4190374813602603392,51 Aquilae
4190813690536580608,GJ 4133
4192723988912416256,GJ 4132
4193990248350991104,GJ 9662 A
4193990248352338560,GJ 9662 B
4195469572528982144,WT 2180
4196810564396992256,TIC 237868913
4197464567677186176,UCAC4 382-137922
4197552906559966848,UCAC4 384-132550
4198522985063559296,CNS5 4734
4199396753205879040,LTT 7548
4201781696994073472,GJ 9653
4201781696994082944,GJ 754.1 B
4202659377841518720,CNS5 4732
4203266415718729856,LTT 7453
4203630865105484416,LP 751-12
4203875751318123904,CNS5 4708
4204961961350079872,TIC 123598328
4205347756836462336,TIC 38525551
4206320171755704320,CNS5 4738
4206618517355209088,2MASS J19331574-0810252
4207310419407283456,TIC 100561273
4208730438673343488,CNS5 4884
4208867838967405952,TIC 251556707
4211671872797771648,TIC 415117538
4211801099777745920,LP 692-14
4213036572895389184,TIC 161935388
4213398965047338880,CNS5 4827
4213409341688406912,CNS5 4830
4213581106021661184,CNS5 4839
4216680418835844864,GJ 4140
4218602403817112192,CNS5 5061
4220379661283166720,CNS5 4961
4221493122971602688,CNS5 4937
4222148672415914496,LP 694-36
4223465818626735104,LTT 7991
4223777873773440384,GJ 4136
4223813264304668288,CNS5 4995
4223848757911010816,LTT 8019
4224259562941398400,LTT 8003
4224578829332933632,LP 695-351
4227064966858434304,CNS5 5141
4227165812690769408,Wolf 882
4227727388253995648,CNS5 5170
4227888840368754432,GJ 4159
4229940258487034368,CNS5 5065
4230094705509739904,LP 634-24
4230348349096082432,Gaia DR2 4230348349096082432
4230348349098191232,Gaia DR2 4230348349098191232
4230380819051252736,SDSS J201530.34+000111.5
4231590453640093696,UCAC4 458-118415
4232452638259239936,CNS5 5084
4232452642555465088,CNS5 5083
4233129014004310656,GJ 4149
4234960284989103744,CNS5 4905
4235280071072332672,GJ 772
4235824707285096192,UCAC4 444-118321
4237021938009045248,LP 634-16
4237289050615531904,TIC 27933165
4240815184408080512,GJ 4129
4241358824189862784,TIC 366798560
4242728884389090944,CNS5 5016
4246382183568597120,CNS5 5058
4247023886053586304,GJ 775
4247106761739962880,CNS5 4974
4248817876711932416,GJ 1248
4249667627392687488,GJ 784.2 A
4249667902270614272,GJ 784.2 B
4250327300012527872,LP 574-21
4250327781042868224,CNS5 5001
4250371241820042368,LTT 15899
4251808514080675712,Wolf 1467
4252343563942258176,UCAC4 416-095018
4252777561771470080,UCAC4 416-086750
4252884798422843648,TIC 5077908
4256014695715867648,Gaia DR2 4256014695715867648
4257461275049675008,LTT 7347
4257891802569298048,LP 690-70
4258375617747092864,GJ 726
4258755778197107200,CNS5 4689
4258787045551023104,LP 691-15
4259038558838436864,LHS 468
4261087704930345600,2MASS J19133978-0241178
4262772706505788032,TIC 161942736
4264353838563541504,Gaia DR2 4264353838563541504
4264640944245035264,CNS5 4776
4265285090626774400,UCAC4 445-084104
4266702906501990016,CNS5 4700
4267889936728496768,Ross 651B
4267889936728497920,Ross 651A
4268212849542973696,Gaia DR2 4268212849542973696
4268571049773025024,TIC 227976257
4269203303374311552,G 141-57
4269287519040382720,Gaia DR2 4269287519040382720
4269291848371821824,Gaia DR2 4269291848371821824
4269294730306503936,CNS5 4742
4269379774976572160,Gaia DR3 4269379774976572160
4269411798275964800,LP 571-164
4269932382607207040,58 Serpentis
4270446404294208000,GJ 715
4270814637616488064,GJ 710
4271449399415019904,GJ 1226 B
4271449399422291712,GJ 1226 A
4271633361463061376,LP 630-52
4272395456154131456,LP 630-182
4273456111216132480,CNS5 4583
4274925505435880704,CNS5 4520
4275193889350151680,HIP 88961
4276624250897321984,HIP 90035
4276632394156013440,GJ 4056
4276822089967374336,LP 630-81
4276948538120524288,CNS5 4570
4277318077096011264,GJ 9621
4278031797590072832,UCAC4 468-079921
4278483868667724032,CNS5 4662
4278722497040124032,Wolf 851
4279261876207080576,G 141-46
4279461609366875520,HIP 92569
4279492361332301056,Ross 142
4280632829779587072,GJ 4072
4281201414717499520,HIP 92984
4281877511292289152,LHS 3416
4282578724832056576,GJ 740
4283084190940885888,CNS5 4605
4283420018727986560,LTT 15471
4283953732850801280,Gaia DR2 4283953732850801280
4284947760072791296,Gaia DR3 4284947760072791296
4285160653028140928,Gaia DR3 4285160653028140928
4285624303336874624,CNS5 4650
4286113482922764288,CNS5 4654
4286249341336984576,G 141-36
4286712751132445440,Gaia DR3 4286712751132445440
4287473578816247936,GJ 9660
4289793067314163072,GJ 1242
4290328529475286656,HD 186704B
4290328769993455744,HIP 97255
4290828532394076672,2MASS J19342710+0355235
4291005519405256960,PM J19392+0451
4291123545113039616,GJ 763
4292090050197851520,DO 5632
4292612696181419520,TIC 183269931
4293315765165489536,GJ 752 B
4293318823182081408,Ross 652
4293406921526178048,TIC 181547479
4293600641739712768,TIC 182326833
4293873732939569920,CNS5 4802
4295497883422229888,GJ 4111
4295524821431807232,CNS5 4819
4295619138933719808,GJ 1236
4296063169833346176,GJ 4115
4296445486308179456,TIC 111087800
4296708789289490816,Beta Aquilae B
4296708789290712064,Alshain
4300656654504945280,LTT 15849
4301201801807687680,CNS5 4889
4301869381489160576,TIC 388523894
4302670684951953280,GJ 9667
4302676526107609984,G 142-46
4303294035005560704,Omicron Aquilae B
4303294039306246656,O Aquilae
4303735493232528640,GJ 4126
4305065077668010112,HD 356314
4307162018124573312,LHS 3431
4307174761290443776,PM J19098+0742A
4307174765583446784,PM J19098+0742B
4308175076364495360,LTT 15654
4308488780772030336,CNS5 4821
4309224392703603584,G 142-10
4309961237290930304,GJ 4088
4310095515150736512,GJ 4092
4310146505003156992,G 141-53
4310275491469537152,GJ 735
4311893972619003648,HD 230325
4311982650767794176,CNS5 4698
4311983376654646656,GJ 734 A
4311983376655076864,GJ 734 B
4312905248400130688,LTT 15640
4313112368918913024,Gaia DR3 4313112368918913024
4314379762231653504,Gaia DR3 4314379762231653504
4314399312966563968,Zeta Aquilae B
4314399312979641728,Zeta Aquilae
4314593308028863872,2MASS J19330580+1022460
4314878631298620160,CNS5 4835
4315804351350378496,b Aquilae
4316214125587568896,GJ 761 A
4316214125609944832,GJ 761 B
4316455502719737472,2MASS J19282731+1301597
4316785012653747456,TIC 402074470
4318384355378007424,Gaia DR3 4318384355378007424
4319899070070496128,CNS5 4790
4319908862597055232,GJ 755.1
4320853892843853312,TIC 300834678
4322492440039701120,GJ 4110
4324728640519965824,LP 805-10 B
4324936753157780992,TIC 52961516
4324968638996126976,CNS5 4004
4325701192912743424,GJ 2121
4327580052130121728,CNS5 4106
4327633687681643904,LP 745-67
4328437258881017088,UCAC4 375-076608
4329057039841257728,GJ 621
4330068109502566272,LP 744-55
4330690742322011520,Wolf 1061
4333577510100912768,TIC 181694544
4334155917641173248,UCAC4 391-070288
4336092264991457408,LP 746-41
4339417394313320192,GJ 644 C
4339465360510320128,Wolf 629
4339994569198556160,SIPS J1659-0723
4340652352028353280,LP 686-2
4341235849106718208,UCAC4 420-068033
4341495230772911616,HD 144585B
4341501106288171008,LTT 6427
4341712276941172864,HD 144840B
4341712281239980032,LTT 6435
4343064508746082304,GJ 9541 B
4343064577465522816,GJ 9541 A
4343066192373234048,51 Lib
4343066192373820800,Xi Sco A
4343066192373826176,Xi Sco C
4343596947252195200,GJ 1198
4344429586787123072,GJ 2120
4345233226709464320,LHS 3160
4345775217221821312,18 Sco
4345978351997277056,LTT 6355
4346428219751350016,CNS5 3919
4346481103689544832,CNS5 3916
4346523537966269824,CNS5 3917
4347870370990204928,GJ 606
4349305645979265920,LP 684-33
4349513797276615680,LHS 5310
4349759744283934336,LTT 6368
4350216075969473408,GJ 3937
4352067894065551744,DENIS 1626-0639
4352307381441947392,CNS5 4059
4352715300256046336,LP 685-22
4352787799303385856,TIC 153200771
4353476020565733632,GJ 3975
4354950641755249024,GJ 9573
4356054757585316992,LTT 6534
4356709207522366464,GJ 618.1 B
4356712162461401728,GJ 9555
4357347401011753088,BD-03 3952B
4357347405304553984,GJ 3957
4358031335898505472,12 Ophiuchi
4359809585500446720,GJ 1212
4359813987844212096,TIC 1994428
4359814876901570688,HD 155802A
4359814881197436800,HD 155802B
4360144043194583296,LP 687-45
4361621688038664064,GALEX J171409.5-053420
4361639417663824768,LP 687-17
4363125648147587328,GJ 4005
4363875373342033664,CNS5 4282
4364159876271314176,HIP 83676
4364185165038935040,CNS5 4192
4364314662596822528,GJ 3987
4364462551205872000,CNS5 4186
4364480521350598144,Wolf 636
4364527594192166400,Wolf 635
4364702279101280256,GJ 9588
4364702279101281024,GJ 660.1 B
4365609170043180416,GJ 1207
4366633811793952896,LP 687-8
4367026096925086464,HD 157347C
4367026096927711104,HD 157347B
4367026303085396352,HIP 85042
4367318326501438976,GJ 4001
4367725901718292352,2MASS J17050805-0226369
4369747594365857408,TIC 164270254
4371036565589279744,G 20-14
4371611781971072768,CNS5 4416
4372709335095064448,UCAC4 459-069590
4373047022600429056,TIC 125311314
4373221192113292928,CNS5 4289
4373813863241766784,CNS5 4339
4374814865498654208,LHS 3289
4375233191015944192,Wolf 718
4376455233769489536,Wolf 755
4379328051494006784,LP 626-11
4379562449331604352,LTT 6702
4379812558164849408,LP 626-29
4380188694219651456,LP 626-28
4381249619862185600,LP 626-13
4381250547575102208,GJ 641
4381502851133968128,GJ 9583
4382187125322637312,LP 626-2
4383374219923745024,HIP 81375
4383678234887711104,** KPP 3306B
4383678234889072384,** KPP 3306A
4383790518216171264,GJ 3967
4383938269388997760,UCAC4 457-060061
4386930899522895104,LP 627-16
4387002299059297024,LHS 3274
4388138816124225792,GJ 1211
4389844948935164544,Wolf 751
4390370373754096128,CNS5 4269
4393107165572915072,G 139-4
4393265392168829056,GJ 1214
4393807554480456448,2MASS J17143213+0648183
4394405551366629632,TIC 447829730
4395113396338721024,GJ 2128
4396992427346855936,LHS 3086
4398284009915273856,LP 683-49
4399263674777198720,LHS 3112
4399508144309573376,LP 684-3 B
4399508144313704960,LP 684-3
4400452830957830656,HIP 76233
4400638923299410048,CNS5 3856
4401037668063146752,LTT 6259
4404521333221783680,CNS5 3961
4404653102818671104,LP 684-25
4405150047715392128,LP 624-54
4406159365028474112,HIP 78395
4406170738101494272,TIC 168457185
4406489184157821952,LSR J1610-0040
4408577118080317056,TIC 326820954
4408630964083919744,Sigma Serpentis B
4408631032807405696,Sigma Serpentis
4408913744737288320,CNS5 3998
4410360392800003712,TIC 272851007
4410595035453942784,LHS 3123
4410702581435191296,Wolf 587
4412055049456215808,LHS 414
4412390293124414976,TIC 462310211
4412390297423038336,TIC 462310204
4412417304175836544,CNS5 3943
4414858219987352320,LTT 6128
4418202522042094080,SIPS J1514-0118
4418203587193988480,GJ 580
4418629269992825856,LP 622-28
4419140645978987904,LTT 14541
4420712604009198080,GJ 1192
4421274729329022336,GJ 585.1
4421455530273467904,5 Serpentis B
4421455530273900032,5 Serpentis
4422479824136705792,TIC 461323554
4422809711989181824,HD 141272B
4422809716282811776,Wolf 582
4423007800173036544,LP 623-40
4423865487962417024,Psi Serpentis
4425632987265111680,CNS5 3929
4426032591025363200,Epsilon Serpentis
4426195902857614208,UCAC4 472-052890
4426198136240612352,TIC 272594729
4426703945950478976,G 16-21
4427339734251716992,LP 562-49
4427559159836789248,TIC 371367297
4427559262916004480,UCAC4 472-052180
4427595924756992256,G 16-5
4429785739602747392,Unukalhai
4429874387730820608,CNS5 3898
4430238051199001216,Lambda Serpentis
4431838321653479296,HIP 80597
4434578579508991360,CNS5 4120
4437409993750034560,GJ 3946
4438043930922131072,CNS5 3991
4438177933902352896,[GKL99] 320
4438299356919966336,TIC 281291526
4439625337884136064,GJ 626
4440061500403600768,LP 565-16
4440264291578812928,G 138-38
4441310786126142464,G 139-7
4441561543497575424,CNS5 4155
4442644459371076992,LP 566-6
4443110789740420480,GJ 3984
4444057469252265984,Kappa Ophiuchi
4444590625015876864,LP 506-44
4444805854416262528,TIC 291543240
4446207564241339520,GJ 1204
4446574040918651904,GJ 3960
4447079202087700224,UCAC4 505-063383
4447496977846072960,CNS5 4149
4447532888067518464,UCAC4 505-064459
4448223656247483904,Ross 644
4448282823717198592,G 138-69
4448382776196813312,TIC 353226489
4449697134970678016,GJ 3939
4450016100717738880,Lalande 29437
4450372376847499648,HD 146413A
4450372376847499904,HD 146413B
4450376396936878336,LHS 3173
4450442260257203328,LP 564-45
4452521234885949184,GJ 1201
4452997701376633728,WD 1612+092
4453239765733463936,LTT 14810
4453325321482271744,LHS 3162
4454532237354157568,CNS5 3926
4456127942261895808,GJ 600
4456894782902625792,LP 504-39
4458207634145130368,GJ 1199
4459548626016199168,GJ 1203
4464207428577214464,49 Serpentis B
4464207428579939840,49 Serpentis A
4464803398241731584,LP 445-8
4465681461355625984,HIP 80539
4466388790929771904,PG 1632+177
4467057362719443072,GJ 1202
4467355154275146112,GJ 627 A
4467355158571184256,GJ 627 B
4468009917744160000,CNS5 4458
4468161302457071360,LTT 15340
4468231641147900928,HIP 88481
4468557611977674496,70 Ophiuchi B
4468557611984384512,70 Ophiuchi A
4469266762617305088,2MASS J17595639+0235262
4469644028247872640,GJ 9606
4470233817461336704,WD 1804+039
4470812298018311296,G 140-51
4471087175915086080,GJ 9614
4471087175915093632,HD 165401B
4471562916556377856,LP 569-15
4471658131695403264,LP 569-16
4472091850367550208,TIC 324289920
4472097420946809600,Gamma Ophiuchi
4472832130942575872,Barnard's Star
4473334474604992384,Cebalrai
4473756480908157184,GJ 4024
4475839844988727808,CNS5 4421
4475881317196185728,GJ 1222
4476264982331171200,UCAC4 493-078762
4477025122831072768,Ross 136
4477291788746834432,Gaia DR2 4477291788746834432
4477295014267164800,LP 570-92
4479498508613790464,CNS5 4613
4480017821686413568,LTT 15461
4482432207475327616,72 Ophiuchi B
4482432246132106496,72 Ophiuchi
4483167166574179456,G 140-42
4483291686266664064,TIC 25074287
4483974792231866624,TIC 25817017
4483986573318668928,GJ 4059
4484184592790777728,CNS5 4555
4485035198170569856,CNS5 4548
4485574134969389312,CNS5 4542
4487343970727152128,GJ 4016
4489306942580947584,LP 508-20
4494145377859774208,UCAC4 515-067250
4494529313575710464,LP 508-14
4495301445619547904,CNS5 4487
4495547530064492800,TIC 283981777
4495567939749335424,UCAC4 513-071650
4496250461589918080,CNS5 4430
4496383055821714816,LHS 6327
4497414466452138496,CNS5 4524
4497494077967197568,GJ 9620
4498055584805914752,CNS5 4471
4499543189677892224,PM J17482+1337
4499839473701254400,CNS5 4452
4501226503320682368,TOI-2142
4501735989526817408,CNS5 4442
4501735993818529664,CNS5 4441
4502369583096912896,LP 449-10
4502798839309818368,GJ 4032 A
4502798843608169600,GJ 4032 B
4503191953375005056,Wolf 792
4503423641091793152,GJ 698
4503423641091795712,CNS5 4434
4503794795019024000,GJ 727
4504577986571873280,HD 229513B
4504577990890909184,HD 229513
4505805591300126080,GJ 4071
4506203756268609792,TIC 298617918
4506650604692623488,HIP 93509
4507586907526491392,CNS5 4721
4508377078422114944,Ross 149
4508601275714721152,GJ 1229
4510987662629223424,Ross 160
4511416609607124352,GJ 728
4511615999154663296,CNS5 4615
4512265810525783680,111 Herculis B
4512265810537057664,111 Herculis
4512525016089353472,G 184-24
4512941700949263488,Gaia DR3 4512941700949263488
4513165073646443008,GJ 746
4514347014282093312,GJ 1232
4514579354818664704,TIC 356412695
4516199240366268672,Ross 734
4516199313406309504,Ross 733
4516245630331870080,UCAC4 550-089355
4516546690342824320,Gaia DR3 4516546690342824320
4516795626657707008,GJ 1235
4517469214960408192,UCAC4 541-082076
4518262684390915200,G 184-31
4518409297395588736,CNS5 4694
4518577041636884864,PM J18481+1930
4519089139177681664,CNS5 4696
4519789081415296128,Ross 731
4519789321942643072,Ross 730
4520304202620264704,LHS 3435
4520556574891724928,TIC 349225426
4521553488334149888,TIC 384407415
4522882935319604992,TIC 157552943
4523577620507728768,CNS5 4554
4525711600783788160,CNS5 4609
4526375465285830656,GJ 708
4526778333217510656,Wolf 835
4527029949581078016,Wolf 832
4528074313831862656,Wolf 830
4530744134231683840,110 Herculis
4530873876601669504,LTT 15533
4531940505956457984,G 184-22
4532560355640612608,HIP 92270
4533301804432654976,GJ 9638
4533577850572985344,TIC 115572537
4534214948839463040,GJ 4084
4535144998232287232,GJ 718
4535145719786807552,GJ 718 B
4535152454295543936,CNS5 4589
4535850438020392704,CNS5 4629
4535928365908540416,GJ 1230 A
4535928365908541440,GJ 1230 B
4535992721693216256,G 184-13B
4535992721693216384,G 184-13A
4536614495522394112,Ross 709
4537192426318445312,PSO J277.3873+26.0116
4538002628953515392,CNS5 4686
4540061704989418240,GJ 3998
4540115306180362368,CNS5 4241
4540481374832743040,GJ 1215
4540734193787996416,LP 507-15
4540984195244025088,GJ 3990
4542284161585626496,CNS5 4276
4542821410453751680,GJ 1219
4544627976777952640,2MASS J17022950+1341015
4545276035802672768,GJ 3980
4547881191164080768,GJ 1209
4548159809988433024,LTT 15102
4548267738224232448,GJ 4002
4548462729742343296,HIP 84195
4548562265603840768,GJ 3997 A
4548562269906020352,CNS5 4234
4549983418742839808,CNS5 4323
4550354744433976320,TIC 377564296
4550763526539955712,GJ 686
4551544278579199872,TIC 298759016
4553741450704452992,LHS 3302
4554019214828782848,G 170-42
4554962286575172608,LP 447-51
4555160366163051904,UCAC4 554-058003
4556066746008264192,GJ 9601 B
4556066746008265344,Lalande 32390
4557080701880013824,GJ 4015
4557198933740208128,GJ 9596 B
4557198933740208768,GJ 9596 A
4557368602127213056,CNS5 4329
4558856584955186432,GJ 3972
4559848344443069952,GJ 640
4559848344443145216,Gaia DR2 4559848344443145216
4561347906504985856,LTT 15008
4561968267282882688,CNS5 4164
4561968271578549632,CNS5 4163
4565048312887877888,GJ 1208
4566158991430299520,GJ 3976
4567274927017734400,GJ 4003
4567360585843054720,LP 388-31
4568060562432051584,Ross 863
4570293086432167168,Lalande 31662
4571079649562719488,Lalande 31842
4571446199250804352,HIP 83343
4572466438664619264,TIC 257093430
4572719468075516288,TIC 236720606
4572753136321939968,GJ 3983
4572835535272627712,Ross 860
4573412435280434560,Sarin
4573681128433698688,LP 388-17
4573953498079202304,GJ 3994
4574048021719710848,Ross 868
4574048021719712640,Ross 867
4575010197472244352,CNS5 4205
4575010266191725056,StM 336
4575280707395399424,TIC 257797160
4575374857376398976,LTT 15121
4575928186608296064,TIC 462699658
4575945229036253184,G 183-12
4576863905365412736,GJ 697
4578202973087023360,LP 390-4
4579668141049191040,CNS5 4507
4579825847951057792,GJ 4044
4580216762992082048,GJ 4029
4580333689181010048,LP 389-22
4580620038939265920,GJ 4030
4581486217883307008,GJ 4026
4581695915363428736,CNS5 4365
4582593426093822080,Ross 820
4582680493669880704,GJ 9613
4583157303758720384,LP 390-6
4584638930036248192,LP 333-29
4584639307993378432,LTT 15317
4586000675189058304,HIP 89912
4586421272742268544,Ross 708B
4586421272746553472,Ross 708A
4586694604465211008,TIC 423171099
4587614930058979584,LP 335-12
4587904788810726784,LP 335-13
4588438567346043776,CNS5 4558
4590489981163831296,HIP 88945
4590489981163833984,HD 166435B
4590620410730110720,TIC 22413602
4590708818337310976,G 206-3
4590758227641991424,b Herculis
4591351448523805312,LP 334-11
4591395600788082816,LP 334-16
4591398521365845376,G 206-16
4594186745414679680,LP 388-55
4594497769766809216,Mu Herculis
4594497834189213184,Mu 2 Herculis A
4594497838483177984,Mu 2 Herculis B
4595127343251508992,CNS5 4309
4595398441587270272,GJ 4018
4595398544666486912,GJ 4019
4596266712176637952,LHS 6325
4596549007488604288,CNS5 4436
4599273670318716928,LP 332-33
4600264742611971712,G 182-4
4602078902438063488,TIC 39425970
4602081204540357248,TIC 39464614
4603189168664878208,TIC 22125723
4604269606340411136,ADS 10903 C
4604269610637580928,LTT 15303
4606224817186878848,2MASS J18081400+3523103
4606406992522938240,GJ 4041
4606416269652179328,LHS 3350
4608161125885674368,LP 278-44
4609151442264875648,LP 278-42
4609272869578837504,TIC 116045554
4609689240889873280,GJ 1223
4610177733290768896,Lalande 33439
4610267648427698816,LTT 15359
4613612951211823104,V* CL Oct
4613612951211823616,LB 9802
4616346096599046912,L 2-60 A
4617597821869045376,UCAC4 027-000023
4618008180223988352,GJ 67.1
4620209127624832128,L 12-6
4620448786799883136,CNS5 728
4621352894595893632,LTT 2322
4623036865373793408,Pi Men
4623882630333283328,GJ 1077
4624065321061824512,TIC 141154638
4624811167903386240,L 31-43
4624829103685457024,CNS5 1309
4626056158662812032,LHS 1615
4626805063519952640,TIC 358108509
4626843786944938880,Iota Hydri
4626844714657877376,TIC 431383040
4630542681498648448,SCR J0149-8038B
4634528720387797120,GJ 3021 B
4634528720388462592,GJ 3021
4634641351610758400,CNS5 152
4634695605636055552,CNS5 214
4634695708716644864,CNS5 215
4634824248498017920,TIC 263053077
4636365729440854400,TIC 183494855
4643131608600380800,CNS5 885
4644127147661088256,GJ 3167
4645960583300470656,GJ 2028
4646001814985112320,PMMR 221
4646535078125821568,GJ 127.1
4646616923022587136,CNS5 694
4647534190597951232,TOI-203
4651329704762754176,GJ 3344
4651329704762754944,CNS5 1316
4651824622447178368,TIC 373985178
4654435618927743872,CNS5 1076
4654969496256092032,HD 270712A
4654969500557785344,HD 270712B
4656782698309778432,CNS5 1455
4657015653026409344,UCAC4 094-008617
4657193606465368704,GJ 9191
4660766641264343552,HD 36705B
4660766641264343680,HIP 25647
4662098871410185984,RM 2-31
4663226523630904064,CNS5 1173
4665366619931917824,CNS5 1244
4666777808747425024,TIC 25081729
4667304715334508672,CNS5 926
4667304715335521536,CNS5 925
4667501596636209792,TIC 32050414
4667836363565989120,CNS5 932
4670590262237706624,WT 108
4672462936698379520,CNS5 847
4672963867324468608,CNS5 934
4673565536406558976,CNS5 945
4673947174316727040,GJ 143
4674060870691341184,Kappa Ret B
4674061076849768832,Kappa Ret
4674449548051826304,LEHPM 3475
4675599087458814464,CNS5 1097
4675955810263106432,GJ 162.1
4676145235499604096,CNS5 1016
4676145235500131456,CNS5 1015
4676211996471459840,TIC 38468276
4677345043203760896,L 130-37
4677461862018523776,TIC 38845357
4677663970295224576,LEHPM 3820
4677731349742482176,CNS5 1192
4678664766393827328,Epsilon Ret B
4678664766393829504,Epsilon Ret
4678795951874347136,NLTT 13370
4679878695952066048,LTT 1855
4679878730311238656,LTT 1854
4681579571719845632,GJ 162.2
4682261990482353024,LHS 1656
4682331358500061824,LEHPM 3713
4683897617110115200,Beta Hydri
4686584548651046400,2MUCD 13063
4687445500635789184,** SKF 1069B
4687445603714999040,L 51-48
4687511776265158400,LHS 1202
4687870530577399296,CNS5 462
4689789625044431616,CNS5 64
4689958778035794048,CNS5 143
4690736923033593728,CNS5 337
4692263148249862016,Kappa Tuc
4692263904164105856,Kappa Tuc B
4692276170589724288,GJ 55.1 A
4692276170590701952,GJ 55.1 B
4696427892137142400,LHS 1384
4697746378377916928,CNS5 488
4698017957749655168,TIC 273943764
4698037645878876800,GJ 85
4698424845771339520,GJ 3112
4699699420265887232,SIPS J0227-6447
4699767383828393728,TIC 382581300
4700401321000355712,CNS5 630
4700568859085688576,CNS5 626
4701057557644479232,GJ 3141
4703237305087371392,HIP 57
4703372476296595584,L 86-82
4705628051386514304,CNS5 302
4706483132131647232,GJ 3019
4706483441369292288,GJ 3018
4706564427272810752,GJ 1294 B
4706630501049679744,GJ 3
4706804739282593024,2MUCD 13013
4708607629114652032,GJ 31.5
4708990018643008896,CNS5 271
4709450095539630080,2MASS J01021362-6322445
4709450095539630208,TIC 234523931
4710180171260274816,GJ 45
4711216048652695680,CNS5 410
4711216151731060608,CNS5 412
4711216151731910656,CNS5 411
4713771622913507328,RBS 309
4714117865996976768,WT 84
4714571105305843456,GJ 81.2
4714669026264108672,WT 66
4714669030560135808,WT 67
4715859664213969024,CNS5 400
4716158215980519552,CNS5 415
4719084256940884608,LTT 973
4719430087707860736,CNS5 511
4721111481504887040,GJ 118
4722111590409480064,Zeta 1 Ret
4722117981319063552,** DAM 1299B
4722117981320730368,** DAM 1299A
4722135642226902656,Zeta 2 Ret
4723578819956587776,GJ 1056
4725261553783508992,LHS 5060
4725889546721486976,CNS5 660
4726357491998516480,HIP 12261
4728246968371477760,UCAC4 167-002701
4728487967576289024,CNS5 762
4729207185619551872,LEHPM 3391
4730672387943135616,LEHPM 3427
4731400745677079808,** JNN 25A
4731400745677146240,Gaia DR3 4731400745677146240
4732538568412966784,CNS5 904
4733113441195646592,LTT 1732
4733538780397070848,CNS5 844
4733921479163010688,CNS5 848
4734179864395518848,TIC 207241048
4735529446198839424,LHS 1519
4735943927722636800,TIC 200784259
4736655036868019072,CNS5 910
4737059519708024960,CNS5 834
4737533134341791872,GJ 9115 B
4737533237421005952,GJ 9115 A
4741518516098734592,CNS5 640
4741518520394986752,CNS5 639
4741883764414703232,GJ 114.1
4742946236243914880,CNS5 590
4743263514068260608,GJ 93
4743692151804240896,HIP 10301
4745373133284418816,Iota Hor
4748083085849328000,LHS 1471
4749000765741778176,TIC 231290860
4750391884172504576,TIC 200700482
4751066576291557632,GJ 126
4752399493622045696,DENIS 0255-4700
4753355209745022208,LHS 1436
4756622820871136640,36 Dor
4757687388639045504,WT 178
4758877919212831104,GJ 2046
4759543295545939840,GJ 9180
4761524752938019200,GJ 9171
4762394397915837056,HIP 22844
4762399307062725760,TIC 220432563
4763897739549071744,GJ 1075
4763906879239461632,Zeta Dor
4764027962957023104,HIP 23309
4764387468899991296,LEHPM 3879
4764556617980377856,GJ 9172 B
4764556724969863296,HD 32778B
4764556724971292544,GJ 9172 A
4766381123999569152,TIC 382268851
4767716893186840320,LHS 1793
4767876769050721920,TIC 350745242
4768170579173552896,HIP 27244
4768702571002262912,CNS5 1373
4768848634250149504,TIC 290777240
4768909313548256640,CNS5 1419
4769434605228374912,LHS 5104
4769527685759537280,TIC 382157804
4770436260320072448,L 233-25 B
4770436260320073088,L 233-25 A
4770840914960066176,CNS5 1273
4770920212939966464,TIC 219376911
4772342676044749952,CNS5 1356
4774146871547078016,TIC 220407807
4774420478143249536,CNS5 1215
4775153440082275200,CNS5 1126
4775316442680940800,GJ 3279
4775347916201249792,GJ 9155 A
4775347916201249920,GJ 9155 B
4775349840346950528,TIC 358290735
4776266794388393472,GJ 2036 A
4776266798684508928,GJ 2036 B
4777123623183866240,HD 31027A
4777123627479193984,HD 31027B
4777244844341374208,CNS5 1175
4777350436112818560,HD 30278B
4777373903814124032,LTT 2075
4777902390950471296,LEHPM 3833
4779719333915565184,LEHPM 3667
4780033656802612480,GJ 3268
4780100658292046592,GJ 1068
4780166972587269120,GJ 167
4780294722094459904,GJ 163
4781196115469953024,TOI-270
4781833626056162688,Gamma Dor
4782553840532147840,CNS5 1071
4782762094906353408,GJ 3272
4782807621559619584,CNS5 1068
4784805056230587392,GJ 9167
4785713458992582272,Eta 1 Pic
4785886941312921344,TOI-540
4786410167111552768,TIC 161495840
4788232160958387328,TIC 259376053
4788244328600836480,CNS5 1124
4788741548375134336,GJ 2034
4788845039907941888,L 302-75
4789443208593313280,CNS5 1099
4789516154317811456,LEHPM 3759
4791496409119237888,GJ 1071
4792274966430715136,TIC 270672809
4792404468284671488,LEHPM 2-3617
4792774797545800832,Beta Pic
4794632903476180096,GJ 1084
4794706983072049408,L 307-46
4795596831576255488,HIP 26369
4795598309045006208,HIP 26373
4796005265786561920,TIC 235062311
4796263715442782336,GJ 3361
4796263719738968832,GJ 3360
4796425760263724800,CNS5 1355
4796804060982392064,CNS5 1354
4800721723993736576,CNS5 1321
4801001545405754880,CD-46 2096A
4801001549701424768,CD-46 2096B
4801596282413400192,TIC 180972066
4802977269018513792,TIC 354572301
4803040765814974592,TIC 220617943
4803556711646531840,CNS5 1458
4804690376853844096,CNS5 1423
4805600119646735616,CNS5 1381
4805806449875760384,HIP 25775
4805866957374888448,CNS5 1353
4805866957374888576,CNS5 1352
4807816494568583680,L 378-6
4808788016172681984,CNS5 1379
4809292588930619520,LTT 2341
4809858558243917440,TIC 200362199
4810594479418041856,Kapteyn's
4812321124989687296,CNS5 1296
4814071753659593856,TIC 13955081
4814461083853146624,HD 30440B
4815192671404177280,TIC 200459727
4815317156736151040,TIC 77318592
4815317156736151168,TIC 77318593
4815660547961306112,Alpha Cae
4816035756304396032,TIC 77207257
4818041609110957056,UCAC4 257-005122
4818243369494800256,L 447-6
4819591920506512768,HIP 25283
4822636399484228224,C* 315
4824866896260056448,GJ 3319
4825113801043230720,CNS5 1275
4825454963182167424,TIC 1448766
4825880783419986432,CNS5 1325
4827532078086044416,GJ 3341
4827639486628478592,LTT 2208
4829340465475546880,LTT 1765
4832006403216004608,2MASS J04061039-4624410
4833306713153200640,CD-48 1042B
4833306713154584704,HIP 17157
4833654227548585856,GJ 146
4833654949103051008,CNS5 911
4836854424860501888,LP 995-74
4837138408098045312,CNS5 1057
4837138408098432896,CNS5 1058
4838250838987898880,CNS5 1033
4838609039260040704,WT 135
4840180825491630336,TIC 7695962
4840619839868708608,UCAC4 242-004153
4842581574769924864,HD 24331B
4842581574771373184,LHS 1603
4843073709303881728,GJ 1066
4845219818562383488,LHS 1622
4846689899968623744,GJ 145
4847282124418880256,GJ 132
4847829165813317504,LTT 1628
4847957293278177024,e Eridani
4848140361962951552,GJ 1061
4849257878094479488,2MASS J03284744-4309142
4849861372539170944,GJ 3238
4851425908866023808,LP 994-96
4852624170381960320,GJ 3207
4852870701504645504,HD 21175B
4852870701505115904,GJ 3222
4853410870951405440,CNS5 895
4855697167942783872,LP 944-70
4856592239127350400,GJ 152
4857520536178521344,GJ 9137
4859110361272954752,LP 994-38
4860376345833699840,LP 944-20
4860542440808594816,TIC 308266313
4864103312294470272,TIC 7809321
4864160624337973248,LHS 1678
4864396740163583616,TIC 7784304
4865016349710062208,GJ 3286
4865826693691966464,GJ 3298
4866371879660471808,Beta Cae
4866394831963983744,CNS5 1186
4866773609425146496,TIC 257644451
4866887138297037184,HIP 22602
4866928335623297152,CNS5 1202
4866978844438656768,GJ 3317
4867388068920821504,L 447-2
4867574023826934272,WD 0431-360
4867596937475715968,GJ 3300
4869246209213679872,TIC 7690679
4869267924568297856,HIP 20302
4869267993287774080,CD-36 1684B
4871223131120838912,CNS5 1145
4871414343064541824,CNS5 1161
4872659466967320576,CNS5 1112
4873243032763432064,CNS5 1212
4873878176823736192,CNS5 1230
4875068123283035904,CNS5 1226
4875169072194706816,TIC 1527678
4876129667400593408,LHS 1735
4876309231392838528,LP 891-46
4877448669035035520,CNS5 1178
4878035808244168832,CNS5 1190
4879015915487168384,GJ 3303
4879850208590379904,GJ 2037
4880837088995421952,CNS5 1196
4880837088995983360,CNS5 1197
4881697181966448896,LP 835-18
4883809068923718272,LP 889-37 B
4883809068925124224,LP 889-37 A
4884065186414848256,LP 889-39
4884761177275202176,LHS 5094
4886256062115710592,LP 890-8
4887518305760757376,UCAC4 305-004264
4889645826401308416,LP 890-2
4890500627972812928,LP 833-49
4890652154418816640,LP 833-33
4891567154251463680,LP 890-39
4891689818517792896,LTT 2044
4891703042724926080,LTT 2043
4893118771316702720,GJ 3293
4893995356962398208,LP 835-22
4894315447987680640,LP 834-32
4894945708668731264,CNS5 1159
4895945684431356672,LP 834-15
4896480390678599168,CNS5 1091
4897180848306448640,LP 834-13
4898159654173165824,CNS5 1110
4898609629306412160,LHS 1676
4899957905439568256,GJ 3006
4900108950849461248,Zeta Tuc
4900637266186106752,LHS 116
4900915958024013952,GJ 3038
4901420874379682304,LHS 1007
4902366110781708288,CNS5 259
4902681533180091136,TIC 234504902
4902689745157488128,GJ 1022
4906743988126708992,LP 122-4
4906784051581971200,GJ 29
4906784051581971328,GJ 29 B
4910314961376339584,CNS5 354
4910850870213836928,CNS5 380
4911306239828325632,p Eridani A
4911306239828325760,p Eridani B
4912282881031353216,LTT 1024
4912580642524184960,q01 Eridani
4912898156569562624,WT 50
4914142773668922368,LEHPM 1550
4914733005253271040,CNS5 338
4915139584039259392,GJ 3082
4917782741272766592,GJ 3102
4918476567469050624,GJ 2001
4919497979411495296,GJ 3009
4920057871348614272,LHS 1076
4921063993207393408,HIP 3879
4921065848633260288,LHS 1155
4921772009976668032,LEHPM 880
4922358908667577728,GJ 43
4922569671300905088,LTT 44
4922947628424508544,CNS5 44
4923179694098110848,CNS5 131
4923251780829182080,CNS5 133
4923433303326992384,LTT 217
4923590430409730048,LHS 1010
4924503128140880512,CNS5 83
4924503334299333888,GJ 13
4925088171405735680,GJ 22.2
4925394522833770368,TIC 382521361
4926479878248945792,L 219-9
4926529081393983104,GJ 3059
4926871098229909120,LHS 5014
4926974486681928192,LEHPM 1188
4928317368337019264,GJ 52.1
4928644747924606848,CNS5 319
4929042942932181888,CNS5 330
4930524225613187456,CNS5 381
4932698441137787264,CNS5 268
4933912198895807104,GJ 3090
4934162784467241472,CNS5 377
4934923028038871296,Nu Phe
4937000898856154624,GJ 86 B
4937000898856156288,GJ 86
4937183864463433216,GJ 81.3
4937200425857908992,Chi Eridani
4939950270078388224,CNS5 613
4940592797185619328,LEHPM 2022
4941699593078093952,CNS5 457
4941774600386872960,LHS 5045
4945084400968145792,TIC 142216895
4946938113149426944,GJ 103
4947513157730843136,LTT 1339
4948775190921234816,LP 993-98
4950462941267825920,TIC 49617056
4952404300846959488,GJ 3176
4953031022474451840,TIC 91611340
4955395178633330304,CNS5 421
4955395178633330432,CNS5 422
4959328921999302272,GJ 3110
4959814287663518080,CNS5 407
4960651016012601856,LP 991-84
4962094636124753792,LTT 982
4962688582857278208,LP 940-21
4963606056591161984,LHS 1386
4963617807621683712,LHS 1385
4963661822446609792,GJ 3154
4964643720690208768,TIC 100915675
4965627680518079872,LP 941-57
4965689356248347648,LP 941-90
4966072879648455296,CNS5 634
4966414930843912320,GJ 1046
4966732139948504192,LHS 1380
4966732174307663360,LHS 1381
4967212763968339712,CNS5 608
4967628688601251200,CNS5 536
4968258979345754624,HD 13513B
4968258983641773952,HD 13513C
4968258983641774208,HD 13513A
4970123274326574080,LHS 1355
4970215770740383616,LP 941-19
4970704812899201152,TIC 146246752
4971496564348436352,GJ 91
4971581089304028288,CNS5 591
4971681351020953088,GJ 3148
4971869092631523200,GJ 3149
4971892010576979840,LHS 1367
4971920872757192192,LP 885-34
4972971284318252160,GJ 3032
4973763482448692096,LTT 130
4975284347548097152,HD 4391D
4975284381905517824,HD 4391B
4975284381907834752,HD 4391C
4975284381908412672,GJ 1021
4975847194422433280,CNS5 158
4976609705736840960,Smethells 152
4976894960284258048,GJ 4.2 A
4976894960284725632,GJ 4.2 B
4977142934516994176,CNS5 67
4977352700720504192,GJ 3020
4978625041828782848,GJ 3029
4978671015158662528,GJ 17.1
4980466929965023104,GJ 27.1
4982134992183239424,CNS5 251
4983839338285335680,LEHPM 1505
4983839647522981504,LHS 1243
4983896925207239424,TIC 262531321
4984184825454337408,GJ 57
4986885500889922176,GJ 3063 A
4986885500889922304,GJ 3063 B
4986970575602213504,GJ 32 A
4986970575602213632,GJ 32 B
4987578158855872384,GALEX J005411.4-394041
4989114210959175808,CNS5 303
4989399774745144448,LHS 132
4989657094825384064,LHS 1201
4992138830007506048,LEHPM 494
4992141475707360640,LEHPM 494B
4992538055808271360,Kappa Phe
4993117773313626496,LHS 1107
4993479684438433792,Ankaa
4994200964065634432,LTT 314
4994877094997259264,GJ 915
4995100914332832384,UCAC4 237-000303
4995796699034222464,LP 988-129
4996141155411983744,GJ 1001
4996141155411984128,L 362-29 BC
4996252755842227072,CNS5 46
4997505546262260096,CNS5 145
4998040286871047680,CNS5 100
4998699753329704448,LTT 220
4999067471248893952,GJ 3049
4999214840166796416,LP 989-200
5001098681543159040,GJ 1018
5001224335106301824,CNS5 227
5001668709601989248,CNS5 264
5002502929690375424,LP 938-15
5003533927999227392,LTT 301
5004498543294827392,LHS 1121
5004776376139340672,CNS5 147
5005435876957437696,LHS 1108
5006921282807193856,GJ 1016
5012890771951532672,GJ 3081
5013816835621197440,GJ 1036
5014500182097919744,LP 938-144
5014775163084430976,LP 939-73
5015892473055253248,GJ 2022 B
5015892473056733696,GJ 2022 A
5015892507416472320,GJ 2022 C
5016175391142088576,LTT 755
5017172338951100288,LEHPM 1999
5018745774450205952,CNS5 498
5019191935652145792,LP 884-94
5020116556211470848,LP 885-23
5020119579868434944,LP 885-22
5020168989172195456,2MASS J02074644-2955235
5020179503252128768,GJ 3135
5020412462278487936,UCAC4 296-001991
5021412261945549568,GJ 84.1 A
5021415319961593728,G 274-146B
5021415319962264064,G 274-146A
5022239300847947136,CNS5 463
5022972468944971648,HD 9770C
5027726757224513536,CD-33 408B
5027726757224514176,GJ 3074
5028912580514933248,LTT 774
5030742923777761280,LHS 1171
5031016873971268352,LEHPM 1088
5031808453624044800,GJ 42
5032683355641241472,GJ 46
5032989500911228928,GJ 1031
5034762222891556352,LTT 597
5034869184758130816,GJ 9036
5036026145867484672,GJ 3101
5036892389232663936,LHS 1264
5037084872486444928,GJ 1039
5037943144391354368,Epsilon Scl B
5037943144391354496,Epsilon Scl
5038817840251308288,GJ 59
5039735554502890752,GJ 3096
5040636634346210432,LP 827-167
5040737312674978816,HIP 5663
5041018993810217984,GJ 1032
5041034524411980288,GJ 2021
5042479213971552000,LEHPM 1691
5042734468172061440,GJ 3098
5044165727370002304,CNS5 754
5044165796088003584,CNS5 753
5044297634405581696,LHS 1490
5044744654602054528,LP 994-114 B
5044867731184769280,LHS 1500
5046323965616929792,GJ 130
5047423236725995136,CNS5 774
5048222066283198208,LP 943-42
5049234682131020032,GJ 9104 B
5049234888291201280,GJ 9104 A
5050543444567805056,TIC 122669635
5051354712350091904,LP 942-107
5052007684818274816,GJ 3187
5052876333365036928,CNS5 744
5053344759676571392,UCAC4 278-003450
5053399803976245760,CNS5 837
5055136276435763456,LTT 1578
5055283885871157120,LP 888-8
5055285363339906688,LTT 1598
5055663973297050624,WT 2388
5055805741577757824,LP 888-18
5055821650136652288,LP 888-24
5056511692465250304,GJ 9116
5058175086056319616,LP 887-70
5059348952161258624,Alpha For
5059349158319689344,Alpha For B
5059643002799575424,GJ 1054 B
5059643105878789632,GJ 1054 A
5060587895604134400,GJ 1060 A
5060587895604134912,GJ 1060 B
5061036084033386624,LP 887-68
5062172669818053760,Lambda 2 For B
5062172841616745856,Lambda 2 For
5062174147286806912,LHS 5058
5062273240775788416,GJ 1050
5067008970494311936,HIP 11439
5068036605844590976,CNS5 585
5068532996689788544,LHS 1402
5070045241789879040,LHS 1416
5071075518545456384,UCAC4 302-003014
5071782435802712960,CNS5 776
5072067381112863104,LP 837-37
5073448642595674752,GJ 131
5074324266168557056,TIC 144464431
5074588389476852608,LTT 1486
5074705521824867200,LTT 1484
5074705624904081792,LTT 1483
5074762692133598848,TIC 88453639
5075098253634738176,LP 831-35
5075243629687810560,LP 831-45
5076176840181970304,CD-25 1159A
5076269164798852864,GJ 120.1 C
5076670520902556544,LP 830-59
5077642283022422656,LTT 1349
5077970830842019584,11 Eridani
5079067147013772288,LP 831-1
5079870340256798592,TIC 97486157
5080543413172761088,GJ 154.1 A
5080543413173527424,GJ 154.1 B
5082514940600694272,LP 833-23
5085376076015097600,GJ 149 A
5085376179094311680,GJ 149 B
5086434355956992896,LP 832-33
5087043657197267200,27 Eridani
5087087775100755456,LHS 1592
5087416219839772800,LP 833-14 B
5087416219839772928,LP 833-14 A
5089072526731699072,GJ 3263 A
5089072531027887232,GJ 3263 B
5091077112524265344,GJ 9144
5092190299327752448,LP 775-44
5094232294281977216,CNS5 997
5097124048519688192,LP 774-18
5097351956664593152,LP 774-12
5098050661942146816,CNS5 1026
5098091412593878016,LP 832-7
5099657838705246464,LP 831-68
5100356956302641536,CNS5 908
5100952822887427456,LP 773-26
5101145890257241088,TIC 121011293
5103203969863246208,LHS 1529
5103275609917916416,LHS 1524
5103774994355594368,GJ 3198
5104338008732482176,LP 772-8
5106365821707742208,WT 1356
5106661452896359424,LP 772-62
5107009925066813568,CNS5 865
5107106033552702208,LTT 1759
5107205745513416704,UCAC4 357-004182
5110480159860342912,LP 773-43
5110641302736199424,CNS5 975
5111963126166679936,GJ 3228
5111963126166680192,GJ 3229
5112217972346188416,LP 773-24
5114240352186781952,LTT 1751
5115463180914712448,Ross 578
5115590415026701184,GJ 3249
5115917863333570176,LTT 1747
5116817882319879936,CNS5 610
5117974602912370432,GJ 95
5119053636135810304,LHS 1422
5119953517683718400,Kappa For
5120416854460344192,LP 829-51
5120689842581753984,LTT 1075
5120689846876870400,LTT 1076
5122708825103396608,LTT 1084
5123785831102567680,LP 829-41
5124636303346779008,GJ 1044
5125186299678747008,LHS 1421
5125414998097353600,GJ 1048
5125415028162047488,GJ 1048 B
5128049359237940224,CNS5 729
5129236831795673088,LP 771-31
5129338021224785408,1 Eridani
5130073422706364544,GJ 100 C
5130339951196200064,StKM 1-288
5130446359011574528,GJ 100 A
5131045975099845376,TIC 257395746
5131300889999108608,LP 770-20
5132321541732365312,TIC 441129462
5133320551124698496,TIC 404476412
5134635708766250752,GJ 79
5135642002423826560,HD 10611BC
5136466567424464896,GJ 3131 B
5136466567425127168,GJ 3131
5138510181584617856,GJ 84
5138982181310063872,BPM 47246
5139838838307254144,LTT 866
5139880551029408768,LP 768-230
5140693571158739840,GJ 65 A
5140693571158946048,GJ 65 B
5140721608705650560,GR* 149
5142787797211936640,LP 768-670
5143185923500965504,LHS 1359
5143341362661301632,GJ 91.2 A
5143341366956993408,GJ 91.2 B
5143621433184275200,GJ 88
5143825976706932480,LHS 1401
5144740907820131840,GJ 3138
5145416111038393216,CNS5 618
5145955421492456960,Sigma Ceti
5145956864601439488,HIP 11759
5146143300541782272,UCAC4 377-002745
5146358426863612160,GJ 3162
5147430343325852544,LP 710-8
5147846340974080000,GJ 3133
5148602083419126016,GJ 3139
5149417440010659072,LP 709-29
5149836834977282048,GD 1072
5150034334753303040,LP 709-79
5150342983988467968,GJ 3145
5151243934982736256,LP 709-50
5151358868307074432,CNS5 528
5151948893734911744,CNS5 553
5152365363828101632,GJ 9108
5153091836072107136,GJ 3193
5153710173923632000,LP 771-50
5153903550531435520,UCAC4 370-003355
5154606546483045888,LTT 1510
5154606550778882944,LP 772-14
5156187304901709952,LP 712-11
5156623295621846016,LP 771-21
5157177930518472960,LP 771-24
5157915359223371648,LP 771-11
5158214559529933824,LP 711-5
5158286375678363648,LP 711-2
5159135847194297600,GJ 3197
5159136122072204416,GJ 3196
5159273530961537280,GJ 3189
5160075762132996992,GJ 117
5160373450610868864,CNS5 708
5160451760749976192,LP 711-20
5162123155863791744,Ross 573
5163644433279729408,LP 713-10
5164120762333028736,Rana
5164707970261890560,Ran
5165286828773802880,LHS 176
5166527284047995008,GJ 3212
5166527284047995136,WT 1361
5168398373665537536,WT 1371
5169649072437050496,GJ 3218
5170039467784804096,Lalande 6320
5170070254110129792,LHS 1536
5172403555223128576,GJ 9101
5173021308959257344,LHS 1465
5173902189571919872,GJ 3175
5173999736868992512,Wolf 1132
5174318457801944448,LHS 1450
5175014311223513984,HIP 11029
5175025959174855040,LHS 1399
5175327809475722624,TIC 4621604
5177244498761708416,LP 710-48
5178187944162427392,G 75-27
5179920984941752448,LP 651-74
5180173288500392320,WT 1333
5181020599648649344,UCAC4 421-003778
5182151481717042944,CNS5 845
5182589121705161472,LP 651-64
5183085684349107072,LTT 1503
5183110874332308480,LTT 1505
5184938400096586112,GJ 3180
5185165891628969984,G 75-35
5185493447310441728,CNS5 713
5185877657904496640,TIC 35861000
5186088592338364928,LP 651-57
5187862345112146944,G 75-60
5187933160533041280,G 77-9
5189170557793054848,CNS5 2605
5190528970049474048,TIC 369869349
5190838276414527872,CNS5 2664
5192225035454820352,GJ 3591
5192264446075455744,CNS5 2621
5192408069781824512,CNS5 2484
5192408069781824896,CNS5 2485
5192877767404186624,TIC 362125624
5193725009832516608,CNS5 1987
5194483054380350080,GJ 3486
5194528576741489408,** CVN 22A
5194691411834588800,GJ 3440
5194967767210218496,TIC 309434653
5196015013380778624,TIC 323732604
5196680222210415104,CNS5 2170
5196869200771478272,TIC 323727443
5198221531355454464,[K2001c] 40
5199087706000356096,GJ 3625
5200308713663229312,TIC 356584649
5202336655483914624,CNS5 2513
5203276810942065536,GJ 1123
5205029672996886016,I Car
5207639982316987648,TOI-6714
5207997014358306816,CNS5 1836
5208010586454969600,LTT 2863
5209118447500280832,[LAL2010] 65
5210240327318434304,Alpha Cha
5210616497733074304,GJ 3492
5211871624615014400,CNS5 1522
5213167330349528064,COCONUTS-2A
5216850522504272384,CNS5 2160
5217401618349014400,CNS5 2244
5217602588456509696,WT 244
5219215228420645248,LTT 3496
5220893151881737088,CNS5 2014
5220893216305190528,CNS5 2012
5221718331062620928,TIC 307290964
5222018879990530304,GJ 3521
5223423952768191744,CNS5 2123
5223423952772029440,CNS5 2122
5224385269534134912,CNS5 2909
5224460173763882496,CNS5 2849
5224860739593152640,TIC 454816904
5224999346778496128,CNS5 2885
5225219214743975552,CNS5 2840
5225268520968623744,CNS5 2834
5225863906515477376,CNS5 2669
5225957639881367552,LHS 2360
5226395623469494912,L 66-47
5226395623469694720,L 66-46
5226826632021083392,TIC 454638159
5228239573191268736,L 66-18
5228239573191270272,L 66-18 B
5229173470875537664,CNS5 2577
5229384714547758720,TOI-771
5230715497274317952,UCAC4 097-023552
5231870985222281088,LTT 3943
5232552270114540544,TIC 344567302
5233071514480420864,CNS5 2587
5235273458327588224,CNS5 2756
5235714289453482240,L 103-12
5237048997789472256,TIC 281395287
5237611398000522880,GJ 3663
5241011156681563136,CNS5 2700
5242285490629566592,LTT 3632
5242316444456199808,GJ 2076
5243296010536182400,LTT 3683
5243594081269535872,GJ 1128
5244602741448864256,CNS5 2528
5244951978135977088,WT 248
5245640444211331712,TIC 371867468
5249254676369630336,CNS5 2377
5249545668988106624,NLTT 22956
5249863805819472640,LHS 5156
5250413836504584576,CNS5 2337
5250880441761759616,TIC 361833112
5251686138951379584,L 142-86
5252090488660292480,CNS5 2562
5252255484150883712,LTT 3833
5253467111594504704,TIC 460987867
5253967767361897088,2MASS J10281405-6101595
5254061535106490112,GJ 3618
5254166538444714752,LHS 5176
5254819339127880448,GJ 389 A
5254819442196925696,GJ 389 B
5257641819811552512,LHS 2208
5258566371639305088,UCAC4 160-044627
5260451999698559872,CNS5 1616
5260451999700465536,CNS5 1615
5260759175761501696,HIP 31293
5260759175761502976,HIP 31292
5262111746860338176,L 59-54
5262441840867360128,CNS5 1722
5264524453330597504,LTT 2856
5264749303457104384,Alpha Men B
5264749303462961280,Alpha Men
5265456461234203776,TIC 177386111
5266361153152233344,TIC 167042097
5266917261213622144,L 59-2
5269507921064994304,CNS5 1960
5270366708365507968,TIC 306472525
5271055243163629056,TOI-175
5272690766709543680,CNS5 2071
5272918430037584768,TIC 307440881
5273943488410008832,GJ 293
5274517467840296832,GJ 3483
5274724279106403968,HD 67199B
5274724279107404544,GJ 3476
5277113449154638464,TIC 308664596
5277820503851295872,TIC 309781635
5277838989390795776,TIC 310128088
5278042880077383040,CNS5 2055
5278882357204698624,GJ 3397
5279003887597588096,CNS5 1668
5279965341800818176,LTT 2589
5280312718754375040,TIC 167247143
5280389615847484416,CNS5 1661
5280944182024023552,CNS5 1780
5281128556381431040,LHS 1904
5285775539195330560,GJ 9226
5287046368477870848,CNS5 1736
5288580771315454080,TIC 349683816
5288949863624851200,TIC 350142099
5289527244669314048,TIC 308542258
5289757523635492096,B Car
5290896136645847424,TIC 382575855
5291028181119851776,GJ 294 A
5291028284195365632,GJ 294 B
5291028284200511872,GJ 294 C
5291484512805323264,CNS5 1995
5292028393100840320,LTT 2816
5293288295987250816,L 136-1
5295291743615591936,TIC 341038455
5296104935544651520,CNS5 1974
5296347755815266816,CNS5 2243
5297051821220130560,CNS5 2305
5297870098386307328,UCAC4 137-016116
5298261284001871616,CNS5 2201
5298809356198635520,GJ 3545
5299440441521812992,GJ 341
5300714225746375424,GJ 3551
5300714225747721344,GJ 3551 B
5302618648583292800,CNS5 2173
5302788969815543936,CNS5 2133
5303126622967647488,b02 Car
5304502936647141504,CNS5 2166
5307525906414825216,CNS5 2423
5307769615746566144,CNS5 2430
5307769620053841280,CNS5 2429
5308487287599109888,TIC 469163825
5308627101691569408,TIC 441067400
5309386791195469824,GJ 9307 A
5309386795506216832,GJ 9307 B
5309974484478157696,LHS 5148
5313962035179702528,TIC 297257201
5314177402013456256,CNS5 2335
5314457640039991680,** DAM 1418A
5314457640039992320,** DAM 1418B
5315595737654226304,LHS 2005
5315595737654226560,LHS 2004
5317114850417299584,GJ 3519
5318181376690947072,TIC 93020831
5318399114355534592,2MASS J08505482-5227158
5320435203722048768,GJ 298
5320436784269889792,Gaia DR3 5320436784269889792
5320834841834013568,CNS5 2045
5320952798822552064,HIP 40438
5321049521489667328,CNS5 2118
5322404738286660096,TIC 89942997
5322552760038496512,Gaia DR3 5322552760038496512
5322840110537389184,TIC 92835575
5322974006129952384,TIC 89942196
5324164541003506304,CNS5 2257
5325892492246989056,HIP 44821
5326079924619281280,TIC 294638698
5329084752471816192,CNS5 2162
5329184189538069760,Gaia DR3 5329184189538069760
5329184189553837184,Gaia DR3 5329184189553837184
5329580357345457664,CNS5 2167
5329751125239019392,CNS5 2158
5330091595871802368,GJ 333
5332606522595645952,GJ 440
5332656412938844288,CNS5 2868
5334356223546958464,GJ 428 B
5334619419176460928,CNS5 2921
5336083315823503616,UCAC4 150-081944
5336083762500221312,[W65] 147
5338458020412638592,UCAC4 149-068760
5338833263117260672,u Car
5339892367684811520,Innes' star
5340857086040057728,CNS5 2729
5341271911184522880,2MASS J11595476-6016257
5341787994441794176,GJ 3683
5341793904317279488,HD 101930B
5342789374661206784,GJ 9363
5343835559954249984,TIC 268997707
5344026286547761664,CNS5 2893
5344443383724940416,TIC 268136864
5345482937607273344,HIP 56934
5346007675222666752,CNS5 2777
5347825378410235264,LHS 5187
5347831082126227712,TIC 80677028
5353126879893514368,CNS5 2679
5353308264949689728,CNS5 2666
5353652721316104832,TIC 119786763
5355751581627180288,TWA 22
5357075947709011456,Y Vel
5357078043648622976,Y Vel B
5357217647259627648,CNS5 2585
5357465071731312768,LTT 3840
5357886734438478848,HIP 51271
5358900174919209984,LHS 2261
5359132618553808128,TIC 219349725
5360674511807552000,TIC 272649679
5362775747245144192,CNS5 2660
5363990535794423680,CNS5 2603
5364580148905328256,p Vel
5364934122930119552,NLTT 24329
5364934500887243904,NLTT 24328
5366250032186491904,TIC 146837940
5367095178669583360,CNS5 2612
5367995163296559232,TIC 146428154
5368479017141170304,CNS5 2937
5369480397355535872,GJ 438
5369584885317537408,L 252-17
5369917315787342976,TIC 92620496
5371170445500507904,TIC 332169011
5371815897485266944,CNS5 2878
5372923621096443008,CNS5 2811
5374565879145559424,CNS5 2770
5375247610713364736,CNS5 2830
5376644127919488896,TIC 162362188
5376651377824140288,LHS 2386
5377849123945711872,TIC 61706683
5378572671315156608,UCAC4 223-061056
5378886891123024512,GJ 435
5379241586700315904,CNS5 2872
5380149023092265856,CNS5 2939
5380480736302186624,TIC 277962478
5381146215717550336,CNS5 2874
5381537023379295232,GJ 442 A
5381537023379295744,GJ 442 B
5382868669400908928,GJ 431
5383082833650178816,CNS5 2802
5383848123807499520,TIC 152228082
5384065896210582528,GJ 1147
5384297381682335744,2MASS J11383012-3957044
5384914207705832960,LP 961-27
5387501977042327808,TIC 147617419
5389280608897569280,UCAC4 239-049318
5389862113109816960,SIPS J1103-4201
5391794195555570048,TIC 106989158
5392287051645815168,TIC 146271268
5392573989820288768,CNS5 2608
5393446658454453632,CNS5 2647
5393673600229873536,PPM 743403
5393746584610472448,TIC 158593815
5395795730687103488,LTT 4162
5396029063372913664,CNS5 2799
5396067550577971072,CNS5 2810
5398789632129602432,L 467-21
5399148382157293696,CNS5 2784
5400448520298608384,TIC 151763921
5400694978404706560,CD-35 6972A
5400694982699764352,CD-35 6972B
5400741883744783616,** UC 2081C
5401402484072909184,LTT 4042
5401688425816913920,WD 1105-340
5403099064875400064,LHS 2400
5403804848261260288,CNS5 2766
5404351271207811968,CNS5 2452
5405656357144329600,TIC 132157954
5406897052930352512,CNS5 2478
5408648849826522112,GJ 375
5410698683096655360,CNS5 2400
5412250540681250560,GJ 367
5412947081295024896,GJ 370
5413438219396893568,GJ 1132
5415389027898591744,TIC 358562211
5416514034445180800,LTT 3790
5418335478542731136,CNS5 2449
5418743844032438400,CNS5 2457
5421345941377717760,TOI-6284
5423545067716723712,Gaia DR3 5423545067716723712
5423686148803238912,TIC 76181882
5423896396040719744,TIC 75823453
5424690587034891264,CNS5 2367
5424690587034982144,CNS5 2368
5425628298649940608,GJ 358
5427222624865580288,2MASS J09071993-4308473
5427286121669685632,TIC 74527551
5427528254746168192,CNS5 2301
5427791278545931264,CNS5 2292
5428329730004268928,CD-41 4729
5429329151712790656,L 389-1
5429329254792000768,TIC 4510637
5431884378073753984,CNS5 2416
5432670704985289088,CNS5 2407
5435991775558944512,CNS5 2376
5436014972680358272,LTT 3538
5436014972680358784,LTT 3537
5437805939684235520,LTT 3532
5437808478004461056,TIC 25451386
5438607582442820096,CE 96
5439029627401396096,CE 102
5439247193268841344,CE 89
5439615082987191040,TIC 25381371
5440359486716251904,LTT 3858
5440696864990921984,TIC 105882667
5441169002153568512,CNS5 2609
5441714531716273920,CE 157
5443030196164951168,CNS5 2615
5443030200460964480,CNS5 2616
5443051537858529792,GJ 1136 A
5443051537858529920,GJ 1136 B
5443160355149610368,TIC 54082379
5444096348783212928,LTT 3855
5444217638657849856,CNS5 2599
5445076219799025664,WT 2473
5446784345474819968,LTT 3788
5449420287163389184,CE 247
5450573881018549760,GJ 1137
5451130818018028288,LP 905-22
5451706687232913280,TIC 448415759
5452103507851367296,LP 905-42
5452492082132835840,GJ 9346
5452743423618768000,GJ 3634
5454284595324061312,LP 904-51
5454500168322239872,LP 905-56
5455707157211784832,GJ 3615
5455932041699339008,LP 904-36
5457752798592502400,LTT 3936
5458784415378809728,LP 903-20 B
5458784415381054464,LHS 5166
5459060117921483008,GJ 9320
5460446292845923328,LP 903-21
5461620846141553024,GJ 3597
5461814875584141056,CNS5 2506
5461829817773068800,LP 903-35
5462412288353490944,2MUCD 20367
5463156589008251392,GJ 1130 B
5463156589008251648,GJ 1130 A
5463181705976708864,LTT 3629
5463554406059006336,GJ 377
5463744071814469504,TIC 48429569
5466468833426746880,TIC 308984536
5467955991622144512,TIC 193272018
5468091231551021184,LTT 3896
5469206548659837824,UCAC4 319-063048
5469802724480366848,CNS5 2635
5470514142863169280,GJ 3620
5470514211582645248,HD 93380B
5471516004114550784,LP 849-6
5471876437768940416,CNS5 2532
5473349302315730944,WT 1757B
5473349302315731072,WT 1757
5474466887165383936,UCAC4 334-060542
5475243898288297088,CNS5 2592
5475922468760821376,LTT 3852
5476589734884246528,GJ 9206
5478163342178788480,CNS5 1580
5478730243502292736,CNS5 1656
5479222240596469632,GJ 260
5479255432103480320,CNS5 1752
5479778765278589568,HIP 31711
5479782647926975360,HIP 31878
5480556532316697216,BPM 18398
5480937375656689408,HIP 28964
5481843025342799104,CNS5 1598
5481848424118748672,HIP 30314
5482312349304478976,CNS5 1500
5482312418025591808,CNS5 1501
5482827676662168832,GJ 238
5484571119849822464,CNS5 1631
5484571124146626432,CNS5 1632
5486916932205092352,CNS5 1783
5491928093887684608,TIC 380025752
5492357178302095872,** TOK 118B
5492574125690123264,LTT 2898
5492622847798742272,GJ 3455
5492744309474814080,HIP 37635
5493209437253410432,HIP 37727
5493209501673364736,HIP 37718
5493588665684618752,GJ 275
5493958376465915520,UCAC4 200-014093
5494452847462040192,GJ 9202
5494925362584117120,TIC 260193212
5495859157193528192,TIC 260044425
5496653038948984064,TIC 348839533
5497072086021346688,GJ 3403
5498164283321348992,TIC 348795308
5500061456275483776,GJ 9201
5500909385897323264,TIC 238932319
5502166746165608576,CNS5 1697
5502249553134846336,TIC 238030337
5502470211372402048,Gaia DR2 5502470211372402048
5502470211374309376,Gaia DR2 5502470211374309376
5503215989495657728,TIC 319474472
5503983654771355776,LHS 1906
5504230937511573504,** WIS 139B
5504230976167700224,** WIS 139A
5505483938387762816,LHS 1902
5506586473673883648,TIC 445524134
5508256047719002240,CNS5 1712
5508545421138819968,CNS5 1777
5509770796785820416,I Pup
5511171437162508544,LHS 1922
5512265038913877248,CNS5 1839
5512300532524769280,TIC 60421412
5514929155583865216,CNS5 2076
5516345223493485952,CNS5 2054
5518349869403884928,TIC 268336998
5518351351172033152,TIC 268337013
5519117229744210944,LHS 1957
5520094661224351872,CNS5 2040
5520440869946163200,TIC 80907780
5521994754757300224,GJ 2071
5522433150653547264,TIC 285828583
5522879208777731200,GJ 3500
5524815276946797440,GJ 9275 B
5524815861065005696,GJ 9275 A
5524958282181043072,L 388-59
5524982059119763968,HD 75289B
5524982093479504384,LTT 3243
5528315778376852224,CNS5 2139
5528591961953902720,GJ 312
5528866839863569024,GJ 320
5529120822749728384,CNS5 2142
5531191997711575936,Gaia DR2 5531191997711575936
5531191997722748160,Gaia DR2 5531191993420708224
5531762678610961664,GJ 284
5532620332045411200,UCAC4 237-018475
5532636579900563584,UCAC4 239-019108
5534233865357701888,TIC 132450923
5534742080239454976,HD 66020B
5534742080239458048,GJ 296
5535283658436274944,CNS5 1874
5535361753834861312,CNS5 1899
5537221685127063040,CNS5 1947
5537753986185229440,TIC 132446038
5537793190656508288,TIC 132529464
5538156819768871552,CNS5 1950
5540006949934104448,GJ 304
5541111516746730752,CNS5 2018
5541379935031012608,q Pup
5541659279700994944,CNS5 2052
5541878048154946688,TIC 184457945
5542217865970083712,CNS5 2084
5544743925212648320,CNS5 2037
5544880780046222464,CNS5 1992
5545537291566200320,GJ 9247
5546549907425468800,CNS5 2028
5547451060267538304,CNS5 2032
5547566715162491776,LHS 6140
5548080118369905408,CNS5 2061
5548164986925169024,LTT 3087
5549762268067194112,TIC 219205258
5550620058937466880,L 308-57
5550682078265062528,CNS5 1595
5550802234268442496,2MUCD 20248
5550862879207742976,GJ 240 B
5550862879208886400,GJ 240 A
5553110654636730496,CNS5 1523
5553647083168192512,LTT 2525
5553647083168691456,HD 44594B
5553958176239495040,CNS5 1578
5554341012442234496,L 308-38
5554890115423215616,CNS5 1587
5555968564532038016,UCAC4 225-010217
5556620540565785600,CNS5 1594
5557113083119380224,CNS5 1655
5557154456542229632,TIC 170105622
5557776367807067648,SIPS J0653-4643
5557816190743628416,X Pup
5559035514776717312,GJ 257 B
5559035514779971456,GJ 257 A
5559134436466111360,CNS5 1740
5559265690666326016,GJ 9223 A
5559265690666327168,GJ 9223 B
5562061542577445760,HIP 32939
5562135411718515328,CNS5 1720
5562135416013050240,CNS5 1721
5563514684632527360,WT 198
5564028981196462336,WT 202
5564029702750970112,WT 201
5564101853903376128,WT 204
5564171814627287296,GJ 2054
5564575060519302784,WT 207
5565156633450986752,CNS5 1789
5565570359057262720,CNS5 1768
5565570359057263360,CNS5 1767
5565898632002192768,TIC 157631248
5567054149998654848,TIC 231941640
5567900121118276736,GJ 9200
5567901972248535424,HD 41742B
5567901976544151168,LTT 2451
5568872394338114560,GJ 237 A
5568872398635858816,GJ 237 B
5569393154830167552,CF 2334
5569858798004394624,LHS 1845
5570642264461522048,HIP 31555
5571142580908768384,GJ 1088
5573532025833121408,CNS5 1574
5577716114256475776,L 454-7
5578342973323630592,L 454-4
5580526362897086080,CNS5 1646
5580750457110689408,LTT 2623
5584019442620181760,GJ 9217
5586381090520538880,GJ 3446
5586383392617560448,L 456-55 A
5586665314277002240,L 456-42
5587451911768090880,TIC 150282725
5588141992752796800,LHS 1924
5588607120530408832,171 Pup
5588614164276695424,GJ 288 B
5590736084278574464,CNS5 1811
5592830172897188608,L 528-28
5593584059906793088,212 Pup B
5593584059914156800,212 Pup
5593952946066050304,CNS5 1940
5595785866305529216,CNS5 1991
5596797039059063680,GJ 9252
5596797073418770560,HD 67458B
5597122765067896960,CNS5 1981
5597287489961172096,TIC 130093212
5597587141239788672,CNS5 2000
5598366690674006912,CNS5 1891
5599170330597007360,CNS5 1889
5599698031766065280,CD-29 4779
5599886975960760704,2MASS J07434593-2836271
5600272625752039296,GJ 3466 A
5600272629670698880,GJ 3466 B
5601080805076431616,TIC 129365196
5601266725623628416,TIC 776524223
5601615988055197952,Gaia DR3 5601615988055197952
5601950690575573120,TIC 776770284
5602379190880667904,CNS5 1943
5602386058511578368,Ross 429
5602408602804816768,CNS5 1930
5602715022944682752,TIC 97651316
5602894552576215808,2MASS J07051631-3340260
5604064845263049344,TIC 97065072
5604105630274884608,LP 896-28
5604989328392927232,CNS5 1826
5604989633324007168,CNS5 1825
5605040794974833024,CNS5 1806
5605383430285597696,CNS5 1830
5605438925569442432,TOI-6716
5605469299570245504,GJ 2060 C
5605469402661155968,GJ 2060
5606193224898464128,WT 1543B
5606193224901780992,WT 1543
5608852393772621184,WT 1539
5609058277323483392,GJ 9219
5609768282659317376,TIC 64540162
5610424179998567680,2MASS J07032457-2748098
5611909104822545152,CNS5 1854
5612249644190030720,LP 841-15
5613426740110194816,CNS5 1870
5614014978832904832,Gaia DR3 5614014978832904832
5615292817498154240,TIC 110111666
5616029932658479232,CNS5 1817
5616120681034800000,CNS5 1815
5616323124310350976,Gaia DR2 5616323124310350976
5616858075378013440,TIC 106751922
5617244278837970816,GJ 2056
5618420137803146240,n Pup B
5618420137803147008,n Pup A
5619121248267202688,GJ 279
5621702867205993088,CNS5 2185
5624110076112385152,TIC 18282445
5624529024402652288,HIP 44899
5626056658372043776,TIC 186700494
5629282488047547648,GJ 1118
5630532014287527040,LP 902-30
5630532113072532736,GJ 1126
5630584756485308032,LP 902-18
5634166037660253184,LHS 2116
5634860207450491136,LTT 3407
5634860207450491904,LTT 3406
5637175400984142336,TIC 189114710
5638902733763290752,CNS5 2124
5639391810273308416,GJ 318
5639822062919251328,TIC 11744543
5640444764457556992,CNS5 2143
5640565607657897728,GJ 309
5641177142279108480,TIC 186013886
5641259227692590336,TIC 186104432
5641353923129557504,L 532-12
5642333072596166528,CNS5 2157
5642349874502561024,TIC 1093988
5642693123990628480,CNS5 2172
5645479806157346688,CNS5 2134
5645692939616481024,CNS5 2130
5648566371510973824,CNS5 2261
5648784147831837696,CE 60
5648842486369498496,CNS5 2211
5649183923385198720,CE 54
5649710516437775104,TIC 37367922
5649998554125258368,CNS5 2283
5650990966446973696,LP 845-15
5652642883884415488,CNS5 2200
5652718097353105664,LHS 2068
5652718166073269888,LHS 2067
5653063069125830016,GJ 3518
5654624444358527872,LP 844-33
5655050092795276800,GJ 3533
5657274198660921472,LP 847-48
5657734928392398976,TIC 314969518
5660063041184035328,LP 847-2
5661077924778519552,LP 846-15
5661194090755452416,CNS5 2379
5661194163772723072,CNS5 2378
5661231955187115136,CNS5 2382
5663558453071724288,GJ 364
5664814198431308288,GJ 357
5665346568219496448,LTT 3553
5668026421651069184,CNS5 2539
5668221005144096896,LP 790-2
5668221005144733056,LP 790-1
5669427512997660800,WT 1759
5669429299704388352,GJ 383
5671384265738137984,2MUCD 10855
5672554627146256000,CNS5 2496
5672555864096835840,CNS5 2497
5673125406825164544,WT 1774
5673602319993218560,LP 789-23
5673672929256033408,TIC 422206032
5676353096222033792,CNS5 2325
5676523623605311360,LP 787-22
5677526240770236544,WT 1680
5677526343849451520,WT 1681
5677606810060597248,GJ 3563
5680147991886954240,GJ 3543
5682008056323530368,LP 788-1
5683119044103789440,LHS 2132
5683871247496205312,GJ 1129
5684037136313018368,LHS 272
5684544492210032512,LP 788-48
5686163724944033792,LP 728-71
5686377893489291136,GJ 3581
5687886389082843008,LP 728-73
5688160373636499840,TIC 405455441
5690846274384548864,WT 1683
5690980582306104448,GJ 369
5691782130578684544,HIP 47007
5692626692961910656,TIC 155441032
5694469199569753472,LTT 3091
5694679412448070528,LP 843-16
5694935117623698176,UCAC4 320-049135
5695264936746881536,CNS5 2085
5697250139362338688,UCAC4 321-042755
5697787766170389888,CNS5 2038
5698015743046182272,Tureis
5698188160215537920,GJ 9246
5698599996038907520,CNS5 1954
5699418131466175488,CNS5 2051
5700706729031126656,GJ 300
5701750715316821248,GJ 317
5701927904188246784,TIC 434425683
5701928217724322688,BPM 51371
5702029029197580160,LHS 5139a
5702086787916650496,LP 844-4
5702187702467261696,TIC 415434008
5704261999871958656,LHS 2049
5704445579657833856,CNS5 2184
5704545811310308480,LP 786-22
5706507649294127104,LP 785-7
5707368596960710272,LP 785-4
5712440648403583872,TIC 293742616
5713324037276351104,TIC 431980413
5715352842388433664,GJ 3459
5716132258694616832,UCAC4 356-036679
5717278911884258176,GJ 283 A
5717278911884264576,GJ 283 B
5717361100375608960,LP 783-21
5718063035465043968,LP 784-12 B
5718063035470961152,LP 784-12
5723469746454887936,CNS5 2063
5723739672264914176,CNS5 2091
5725122960972658048,CNS5 2023
5725122965265271680,CNS5 2022
5725122999630404096,18 Pup
5725307305268686336,LTT 3010
5726415887862017408,GJ 301 B
5726415887862017536,GJ 301 A
5726982995343100928,Lalande 16304
5727991694185495552,CNS5 2021
5728413490039479552,CNS5 2041
5728413494331031168,CNS5 2042
5730219785776085632,LP 786-15
5730371484020807808,GJ 3523
5730445043924684288,TIC 1190309
5730445323098531456,HIP 44526
5733429157137237760,CNS5 2168
5734737438536674432,LP 726-1
5734853127775604608,LP 726-11
5734888827543700864,UCAC4 383-052903
5736025550767699968,LHS 2098
5736464668223622784,GJ 326 B
5736464668224470400,GJ 326 A
5739240415392701440,TIC 60789065
5739942011185493888,GJ 355
5740366044716708864,LTT 3518
5740370580202171776,WT 1648
5743705394673617664,GJ 334
5743705398968422400,CNS5 2262
5743757763210745216,CNS5 2258
5744451451968477952,CNS5 2329
5745027011945719808,GJ 347 B
5745027080665197696,Ross 439
5745767739185914240,TIC 60685782
5746426720312132608,GJ 9296
5748374440737959552,LP 725-34
5750004153192227968,UCAC4 399-042678
5750007559102116608,GJ 3513
5750349159324581376,LTT 3201
5751680775281710720,GJ 3503
5753113851249915392,BPM 72763
5753687109122994048,CNS5 2125
5755064487956174720,GJ 9273
5755182715519422336,GJ 316
5756372799418344960,CNS5 2277
5756746775106229120,LHS 254
5757303295492786176,TIC 47293390
5757452455412498560,LP 666-24
5760670171895209984,CNS5 2191
5760701787150565888,GJ 327
5761555587993177216,G 114-14
5761985432616501376,GJ 3517
5764485618978306176,LP 606-32
5764544369835819776,LP 606-30
5765079905016309888,CNS5 3854
5765846127180770432,LTT 5027
5767542123866994304,CNS5 4283
5768506292485626112,TIC 407063477
5770356083360945152,TIC 383353664
5772442647192375808,LTT 6063
5772718006135360128,GJ 2108
5773317961528696832,LTT 6018
5774108991423344000,CNS5 4188
5774643113556172800,TIC 384820235
5775307733975564160,CNS5 4156
5776161813992756992,GJ 4004
5776716483248901760,CNS5 4311
5777319702816822272,UCAC4 059-023060
5779113315521020416,TIC 384073909
5779260203401299200,RX J1528.8-7918A
5781043783061254272,CNS5 4060
5783786274295781760,CNS5 3048
5784295623056963200,LHS 2621
5784922310327353984,LTT 5536
5785654859950570496,LTT 5814
5786010242724895232,LTT 5350
5786435547565566976,LTT 5405
5787859896160384384,LAWD 45
5788368866963535104,CNS5 3040
5788524757093517568,GJ 2096
5789842620561789568,TIC 395399675
5789842624864892288,TIC 395399671
5790016416422916864,HIP 67986
5790131517243706752,CNS5 3546
5790389872417570816,GJ 9467
5791509037821930496,CNS5 3446
5792730526510790144,CNS5 3776
5793182631952977920,GJ 3863
5796338299045711232,TIC 402177543
5796351145286316160,CNS5 3604
5798502241016325120,CNS5 3717
5798962867668048768,LTT 6064
5799644049485006848,Gaia DR2 5799644049485006848
5801761983742112384,2MASS J17272926-7354466
5801950515623082496,HD 155918B
5801950515627094400,GJ 9589
5802998414627069696,CNS5 4410
5802998414627070080,CNS5 4409
5803060232095623808,TIC 343404892
5803288002802055808,TIC 373015604
5803288101584023040,TIC 311958594
5803999970941812224,CNS5 4324
5804000348900069376,** KPP 4043A
5804349993596182656,2MASS J17094464-7226593
5805810454276181120,GJ 637
5806825406592131712,GJ 9544
5808063765921988864,CNS5 4165
5808612830236138368,Zeta TrA
5808812121015148160,CNS5 4029
5808812121025442944,** NSN 351A
5808918155180366336,CNS5 4008
5809399363316630912,CNS5 4064
5809399363316632064,CNS5 4063
5811115048126524032,TIC 301894987
5811510318254858368,TIC 293800760
5811866358170877184,V824 Ara C
5811866422581688320,HIP 84586
5812455902555239168,CNS5 4352
5812455902560048896,CNS5 4351
5812456039998285312,CNS5 4350
5814236007579871872,HD 152653A
5815970800722940800,CNS5 4114
5816030380509673344,UCAC4 125-160519
5816051339951212160,HIP 82357
5817543549028225024,LTT 6724
5819260642586368896,GJ 3943
5819620663931940736,TIC 447112692
5820243159312605696,TIC 263869732
5821511583411898240,TIC 362625275
5823352234607843968,CNS5 3824
5824772425687553152,L 108-10
5826168461855385472,Beta TrA
5827358099092820608,LHS 5298
5827483512137991040,CNS5 3829
5832456603220277504,UCAC4 139-150986
5832599952051348992,LHS 3135
5832781680707896192,CNS5 3954
5833702727880302592,LTT 6246
5834351577215734656,GJ 3915
5834351680294951040,PLX 3566
5835113573101867520,GJ 615
5835498883232034816,GJ 613
5835620104382030208,TIC 90832108
5837746491063380352,L 68-145
5838108367825002496,UCAC4 072-016743
5839538866815395072,TIC 395298844
5840566978915968384,L 69-11
5840588659911566080,TIC 338985998
5840719364353028096,CNS5 3342
5842772221276435968,TIC 286397757
5842905399625203328,GJ 3740
5843101456298985984,CNS5 3152
5843144887000900736,GJ 467 A
5843144887000900992,GJ 467 B
5843518239925459456,Delta Mus
5843636265629936000,CNS5 3243
5845300239052540416,LHS 2757
5845312191917620224,TIC 341577511
5845972349875278720,CNS5 3443
5846275093531511936,CNS5 3555
5846770973285176960,GJ 2107
5848156426657892480,GJ 9487
5848544412499643264,HD 130042A
5848544412516689024,HD 130042B
5848753805085988352,CNS5 3684
5849837820492182272,Alpha Cir B
5849837854861497856,Alpha Cir
5851167679807239808,CNS5 3480
5851675619811401216,TIC 341587777
5853498713190525696,Proxima Centauri
5854110694458220928,LHS 2881 B
5854486005874224256,LHS 2881
5855730584310531200,HIP 62534
5856246839372962560,L 104-90
5856405272135505024,CNS5 3086
5856411869205581568,GJ 472
5857469118373769472,UCAC4 116-073591
5858547872368742528,TIC 439257789
5859826196420495616,CNS5 3056
5860131207828395648,GJ 2092
5861048509766415616,CNS5 3113
5861328335427219712,2MASS J12345655-6419253
5863130980814698112,GJ 3759
5864005027836957952,CNS5 3330
5865271012355608704,CNS5 3345
5866128597052432128,CNS5 3500
5866913820152011264,TIC 331296084
5866992641380992256,GJ 542
5867776696271127424,CNS5 3504
5867913207517354240,NLTT 36089
5867916128047670016,TIC 209828398
5872178694156653440,CNS5 3463
5872255213299204096,TIC 208565077
5876112300125320448,LTT 6035
5876375152111654784,L 151-4
5877057330286155648,Beta Cir B
5877059048308526720,Beta Cir
5877160615677467520,CNS5 3761
5878380313352129664,UCAC4 145-154432
5878380317661078912,TIC 393001369
5880622840364999424,TIC 416781089
5882042344287383936,L 200-104
5883479539047399936,CNS5 3815
5885134136555304320,LHS 401
5885258965480805760,UCAC4 178-147562
5885471411757745408,CNS5 3830
5888257093214433920,CNS5 3748
5888257161906604800,CNS5 3747
5888509602928271488,CNS5 3822
5889992981547605248,UCAC4 196-107245
5890493602926306048,L 264-18
5890960105080869632,CNS5 3587
5891504088488622208,TIC 412040988
5891531404470141824,LHS 2961
5891544873500692608,LHS 5275
5893796432778111488,TIC 250449854
5895265380327966464,GJ 2106
5895473600324039680,CNS5 3532
5897472856047977472,L 260-93 A
5897472856047977856,L 260-93 B
5898855113960985344,UCAC4 196-094409
5899166516266675456,TIC 457748137
5899648617755474176,TIC 457664742
5900432500841313920,CNS5 3750
5901924435035073152,GJ 9504
5902750168276592256,Nu 2 Lup
5903487940560263936,Gaia DR2 5903487940560263936
5903884280152869632,CNS5 3762
5904539176758763520,LHS 2970
5904539176758764800,HD 129642B
5906633952564270848,HIP 73547
5906668758979808640,L 334-33
5906724284318405760,GJ 574
5907435840139773824,TIC 335012582
5907435840139773952,UPM J1503-4433B
5908246317645043200,GJ 571
5908372482296952064,CNS5 3715
5908714228560765056,TIC 334234040
5908794218026022144,CNS5 4427
5909078751020702080,NLTT 45235
5910330304495825280,TIC 305271268
5910412183741459968,TIC 306357678
5910710976034819584,GJ 1218
5912492318012378752,CNS5 4286
5912721020734479104,TIC 74185907
5912921509809469952,CNS5 4357
5914096303621755520,GJ 656
5914308097051772160,WT 541
5914771438129194240,WT 527
5915797694789556096,Gaia DR3 5915797694789556096
5918136424731578240,CNS5 4391
5918299904067162240,CNS5 4454
5918660719983560192,GJ 693
5918765792061510144,GJ 4028
5920900901901635968,CNS5 4407
5921433963191695872,GJ 4012
5922125556008846208,CNS5 4337
5922864393461160832,TIC 325632899
5923656557253383936,TIC 172721433
5923906524348891904,GJ 2125
5923907314622859520,Epsilon 2 Ara
5924057019983561856,CNS5 4206
5924057019994083712,CNS5 4207
5924187617032756736,LTT 6840
5924203182025615616,L 268-56
5925209514333720832,GJ 676 B
5925209583053212800,GJ 676 A
5927236979422123264,LTT 6642
5929051723344715008,CNS5 4132
5929529014509678720,BPM 24378
5929980226596802816,TIC 170228172
5930096499961169152,UCAC4 185-172225
5930139823230549120,CNS5 4090
5930203152579592448,UCAC4 174-162806
5930568568425533440,HD 149192B
5930568598406530048,LTT 6620
5930568602785283072,HD 149192C
5930579185585956992,CNS5 4084
5930619695722133760,GJ 3961
5930862138021206656,CNS5 4109
5931193640795532288,CNS5 4072
5931674608438449792,HIP 79958
5932476289859340544,L 265-201
5932476289859343488,L 265-202
5934097210481810432,CNS5 4061
5934299108296903296,TIC 16674733
5935496128485727616,HIP 79777
5935904773205046912,CNS5 4161
5935907693782592000,CNS5 4160
5936491976788877824,TIC 212413261
5938742337829520256,HIP 83797
5938773880045035776,Gaia DR3 5938773880045035776
5939906377005246080,UCAC4 217-133481
5940508153511960192,GJ 9568
5941374534288441728,HIP 80559
5941478335062267392,GJ 9558
5941689784906655616,LHS 3182
5942630107855861888,CNS5 4087
5942777301034031104,GJ 633
5943191236735787520,HIP 81746
5943307372651527680,L 411-30
5943550124208359552,GJ 634
5945333635111767040,CNS5 4446
5945941905576552064,Cervantes
5946685759563224960,Lambda Ara
5946986063671469824,CNS5 4335
5946986063684477056,GJ 680
5947766235872922624,CNS5 4440
5948579462188230144,TOI-4552
5949144267577982720,TIC 30087015
5950304355429385984,LHS 3290
5950974851364748160,CNS5 4256
5951165616611763456,41 Ara
5951165616635298816,41 Ara B
5951535219996858624,CNS5 4313
5951669983223769216,TIC 218700582
5951824121022278144,GJ 674
5952649441889463808,LHS 3284
5952826016600852352,2MASS J17224991-4449366
5953089899407021696,GJ 2127
5953526023242377216,LHS 440
5953685108824991360,UCAC4 238-117348
5954235964151505408,TIC 22001079
5954236032871014528,TIC 22000951
5955168904061132160,TIC 31022001
5955305209191546112,GJ 682
5956044179742203520,CNS5 4448
5956746565858482176,GJ 4036
5957041127551353088,CNS5 4437
5957641259120447488,GJ 4022
5958896763903980544,CNS5 4321
5958896763938010624,CNS5 4320
5959737748540750592,CNS5 4251
5961193055261256320,CNS5 4388
5963857378094319488,TIC 123910286
5963919642242901760,CNS5 4140
5965209575551252736,CNS5 4222
5965222838410499328,Eta Sco
5965924361166271104,HD 154590B
5965924361179144832,GJ 9585
5968887716837842048,L 411-5
5970137861534914176,GJ 646 A
5970137861534914304,GJ 646 B
5970189332424492160,HD 152705
5970189504209690496,GJ 2123 B
5970189504223192960,GJ 2123 A
5970493789759784192,TIC 339877502
5970956070030449792,HIP 81935
5970971561918864768,GJ 2122
5971414119713770240,GJ 645
5972124644679705728,CNS5 4227
5974322293543549440,TIC 200105910
5975349615358601856,CNS5 4275
5975663354131618304,GJ 667 C
5977390652584004480,CNS5 4197
5978078225326698496,Gaia DR2 5978078225326698496
5978985558581221760,TIC 151300352
5979367986779538432,GJ 9590
5980046522937736576,UCAC4 287-113660
5983356259047553792,CNS5 3953
5985229174021530624,CNS5 3931
5985290231327158144,CNS5 3863
5985844174677602176,UCAC4 209-105560
5985844179008859520,UCAC4 209-105570
5986321332691510656,LHS 3114
5986422934440315648,TIC 274359490
5987608379774691328,LTT 6313
5989102478619519616,g Lup
5989551315565681664,LTT 6288
5991166914825299712,CNS5 3965
5992208427189627648,LTT 6545
5994771148252505216,GJ 604
5995278018798610816,CNS5 3938
5998270859402935680,LP 481-66
6000386835153463680,CNS5 3783
6000386835164904192,CNS5 3782
6002346882130529664,UCAC4 241-085614
6002807341299977216,GJ 588
6002992162332713856,CNS5 3853
6003743300560549504,TIC 160888322
6003743571137684736,LTT 6043
6004484268320338944,CNS5 3733
6004735609803506048,HD 132899A
6004735609803506304,HD 132899B
6005425828227820160,CNS5 3756
6005425828227821952,CNS5 3755
6006352372926246400,L 480-94
6006981087424136576,CNS5 3758
6009537829925128064,GJ 599 B
6009538585839374336,GJ 599 A
6010561062931831424,TIC 301087514
6011124768801217408,2MASS J16011689-3455015
6011142532786032000,LHS 3144
6011177614079629952,CNS5 3942
6011302546085703552,TIC 442647820
6011982559666734720,UCAC4 280-086105
6012127622177717760,CNS5 3903
6012446244330608768,GJ 590
6012824815629363456,TIC 149657544
6013642341180098432,CNS5 3827
6013647666939138688,CNS5 3820
6015902623551872256,LTT 6255
6016743170130656768,GJ 3914
6017724140666000896,CNS5 4051
6017724140678769024,GJ 629
6018034958869558912,GJ 620.1 B
6018047019138644480,GJ 9559
6018209128388194688,CNS5 4028
6018693257096471424,CNS5 4062
6018950542798498304,CNS5 4045
6018950572865687808,CNS5 4046
6019875502661288320,TIC 98107717
6020951138571520512,Gaia DR2 6020951138571520512
6021032296295068416,UCAC4 276-093551
6021430250773348736,GJ 618 A
6021430250773733632,GJ 618 B
6021535941318934912,CNS5 4003
6022609580070442496,UCAC4 271-087328
6022609580073890176,UCAC4 271-087330
6024163911546030336,NLTT 43158
6024291489270494976,HIP 81385
6024600379004526848,TIC 212192861
6025146733201615616,CNS5 4016
6025604409224636800,LTT 6566
6026152137815012096,Epsilon Sco B
6026550500323860224,UCAC4 286-107458
6026895540811552512,LTT 6745
6027138331058857088,LHS 3245
6027770069244793344,LP 919-20
6029172908689590912,TIC 23899904
6029992663310612096,GJ 652
6030284102539737728,CNS5 4173
6030989542329090816,GJ 9577
6031367499416648192,CNS5 4117
6031475835680030720,GJ 3964
6031649970824291968,Gaia DR2 6031649970824292096
6032569231269955456,TIC 205866796
6032685745182407040,CNS5 4128
6032971789981271296,PM J16507-2813
6033155202239036288,TIC 17612904
6034755850675869312,TIC 15195825
6034989050213738496,TIC 94933725
6035927380304634240,LTT 6471
6035956895316486656,CNS5 3940
6035956925371144832,CNS5 3941
6036120928693496320,CNS5 3947
6036120928708232448,CNS5 3948
6037547682484171008,LP 917-25
6039144001564707072,GJ 3945
6039413759870675072,LP 916-45
6039437399371019136,CNS5 3920
6041911197456468608,LP 917-14
6042005308777992192,CNS5 3962
6043237998751939584,CNS5 3936
6044721476534419584,GJ 3963
6048829840005028736,TIC 98376472
6049130556432223104,TIC 392393756
6049221163063960320,Ross 854
6049547340064301952,CNS5 3973
6051948158061617024,Ross 529
6052153251338962688,LP 862-119
6053245135154609280,Eta Cru
6054471949606599040,LHS 2530
6055990821835006720,TIC 438360566
6056881391901174528,CNS5 3188
6059584403780778240,L 194-72
6060084784654292224,UCAC4 161-096794
6060561079334177664,CNS5 3178
6060965630906108672,HD 110810B
6060965699625586176,LTT 4871
6061787515837800448,TIC 253083455
6062166950455776512,HD 114837B
6062166950467100032,GJ 503
6065158377962553344,LTT 5373
6065173805485251072,GJ 3811
6065791696645045248,GJ 524
6066148488181224576,TIC 241464780
6066971747504719232,CNS5 3290
6067215083178616704,CNS5 3271
6067637295632046464,CNS5 3240
6068922964028445056,CD-52 5650
6069407131407996544,CNS5 3402
6069775296000876416,GJ 3787
6071593819524534912,L 194-73
6072726969332631552,GJ 1158
6073573215330461952,CNS5 3153
6074572293450037376,CNS5 3097
6077332651740756224,L 254-34
6077667521752476672,UCAC4 183-089083
6078114541943893888,GJ 479
6079710620510474240,TIC 163648025
6080301367488384896,GJ 9425
6082806153754882304,LTT 5251
6084260811932131072,LTT 5262A
6084260811938235392,LTT 5262B
6085402414245451520,ER 8
6085474878934042752,TIC 287568051
6087242378235260800,WT 426
6087841749512143872,WT 402
6088054505011960832,HIP 64550
6088101440414573184,HD 114853B
6091343694050492032,TIC 332456461
6091907056321709312,CNS5 3593
6093381394034220544,HD 120780B
6093381604489726848,GJ 531
6096524382383054720,GJ 540.3
6096529059601571200,LTT 5605
6097323972147451648,LTT 5569
6097716154197261952,LTT 5535
6098895724014519936,LTT 5841
6098960006792082432,WT 490
6098960011086246784,2MASS J14410767-4356586
6099000589942631424,GJ 9482
6103395097398499840,TIC 461303113
6104435819513399168,GJ 9479
6109610086872510592,LHS 5264
6109949904687424640,WT 460
6110538418288440320,TIC 179006947
6111126966247119232,CNS5 3465
6112090855684709248,CNS5 3419
6112093093362734336,CNS5 3416
6112742286267074944,TIC 165822694
6113245033656232448,TOI-4336
6113245033659187200,TOI-1955
6113271494953274752,CNS5 3396
6113324752547911040,TOI-6599
6114232433761438208,CNS5 3453
6114344102909485824,Gaia DR3 6114344102909485824
6116110468338455680,CNS5 3528
6116339647794419456,2MASS J14153141-3940584
6117754272585766016,CNS5 3536
6118581861234228352,CNS5 3570
6118597872880630528,TIC 241832958
6119354336882826752,** KPP 3922B
6119354336882826880,** KPP 3922A
6119466899385390848,LTT 5684
6119472774900652288,CE 434
6119528334597735296,CNS5 3564
6119796065671224704,UCAC4 276-071840
6120386297256764160,CE 436
6120654200137332480,LTT 5510
6122285222557114752,CNS5 3493
6123695689817126912,LP 913-13
6123776156029125760,CNS5 3496
6124711741640147712,HIP 69285
6126746594071444480,CNS5 3034
6127211412606464640,TIC 403844211
6127333286605955072,GJ 2095
6128366415218881536,GJ 9406
6128965305457482752,CNS5 3128
6130529910504105216,CNS5 2942
6130529910504105600,CNS5 2941
6131272458806020736,GJ 1157
6131349562059299712,CNS5 3044
6131864923777624832,UCAC4 217-066807
6131864958137368320,UCAC4 217-066800
6131996899531605632,L 327-30
6132086853325521024,TIC 72669771
6133033601555979648,LTT 4776
6133033635916500608,HD 109409C
6133474952391837824,GJ 9415
6133901734703786880,LTT 4866
6134015259283555584,TIC 248110570
6134286838655690624,WT 365
6135390572230102528,TIC 73794647
6135390572231042304,TIC 73794653
6135947032490329472,CNS5 3201
6136048393717841024,UCAC4 237-062433
6136908241874304640,CNS5 3320
6137710099384586240,ER 2
6140884286374656000,GJ 3764
6141582819853668352,PM J13095-3848
6141742283401003264,GJ 9432
6142630035959679616,CNS5 3221
6143175840408947840,GJ 9391 A
6143175943486753152,GJ 9391 B
6143501502007380608,CNS5 3009
6144529373579791488,CNS5 2969
6145487494885361408,CNS5 3057
6145852528447523456,CNS5 3106
6148648281576023424,GJ 3701
6148648281576023552,HD 104731B
6149067058064798208,CNS5 2957
6149473568131829504,TIC 461204808
6149747002930436352,HIP 60310
6150200345317455232,LTT 4666
6150200345317455872,** KPP 3034B
6150200345317903616,HD 107692B
6152709705729644160,TIC 144911549
6153267707880611584,CNS5 3131
6153483658836320384,GJ 3737
6153706477443518976,LHS 2615
6154124089999486592,CE 267
6154946657841163392,CE 296
6155259541913716608,HIP 63480
6155720683962230144,CE 285
6157380018807576192,CNS5 3109
6157539722871359104,CE 258
6158160019228728448,GJ 1161 A
6158476403698590464,CNS5 3076
6158704208764041472,CE 273
6159861925788911488,LTT 4835
6160315989731008768,LHS 5221
6160573275451466752,CNS5 3155
6160649004315403264,TIC 398942637
6161174910174799360,CNS5 3338
6161806515181380096,HD 117939B
6161806515182527616,GJ 9450
6163103835824025856,TIC 461248973
6163457878567757696,CNS5 3365
6163964031871884672,GJ 3806
6163964031873709824,GJ 3806 B
6164134146938406144,HIP 66993
6164998500516764160,GJ 1175
6165095738576250624,CNS5 3387
6166055474788409088,TIC 242085522
6166184667404110464,CNS5 3315
6166376978860425600,GJ 3777
6166971574132849792,LTT 5041
6168093900626704512,LHS 5246
6168707015798163200,CNS5 3359
6168707015798163328,CNS5 3358
6169506807428205440,UCAC4 293-073432
6169762340802183040,GJ 3786 B
6171375049483037696,i Cen
6171492074455952128,GJ 1177 A
6171492113110925312,GJ 1177 B
6171593062022433920,LP 911-56
6173042836822996224,LHS 2859
6173812151364882688,LTT 5437
6174885824468076160,TIC 101967570
6176833914259261568,GJ 1181 A
6176833918555679488,GJ 1181 B
6177292174386350848,LP 912-39
6179056233418543616,TIC 124232871
6179414128748845056,LP 910-21
6182398370808620032,LTT 5059
6185325343777379968,WT 1963
6186534394250282752,CNS5 3264
6186697667433011072,LTT 5056
6187224127342923776,LP 854-57
6187271616797377152,LTT 4986
6187641946057520640,LP 854-28
6187779556809793024,Kelu 1
6188067525776331520,LP 911-25
6188086801590656256,LP 911-26
6188331614726318720,GJ 510
6189035061649770752,GJ 3791
6189329043571426944,LP 855-14
6190352001701947520,LP 855-60
6191885339386292736,CNS5 3352
6192641081831733760,GJ 3780
6193279279612173952,GJ 511 B
6193280031230266752,GJ 511 A
6196627086360009600,CNS5 3328
6197011365679426688,CNS5 3708
6199925071490964992,CNS5 3784
6201178377303387648,SIPS J1508-3445
6201319046075067648,TIC 76395613
6201523658320811008,CNS5 3666
6203502160773159424,CNS5 3646
6206348792079095040,TIC 272395938
6209995700348976896,LP 915-41
6210461519621773696,LHS 3081
6212470293007557888,TIC 61219111
6213248060043565184,GJ 2112
6213644842005175424,HD 136894B
6213644846302305536,HIP 75363
6213789290343029760,GJ 3905
6213843239430821248,LP 915-14
6215086267392519936,L 549-167 A
6215086271688342400,L 549-167 B
6216199527210447488,TIC 392785968
6216201962451383296,LP 913-77
6217317833616074496,2MASS J14472425-3158091
6218053750492738816,TIC 440859011
6218126318264742656,TIC 142627
6219675839377104128,CNS5 3597
6220235800033245184,LP 913-72
6220235800033245440,LP 913-73
6221167631840454400,CNS5 3575
6222517561538662016,LP 858-20
6222568134778281984,LP 914-6
6223838830917236224,LTT 5787
6224172807579028864,LP 914-41
6224387727748521344,GJ 3877
6225165597853415552,DENIS 1456-2747
6225341450996268288,HIP 73066
6226694571859532800,23 Lib
6227371905377992576,LP 859-2
6227687980608264064,GALEX J150324.6-244128
6227871564690336512,LP 859-1
6228000276276576896,LP 859-64
6228177916116903808,TIC 70409957
6228198531960352768,LP 859-11
6228695236338166528,GJ 9495 B
6228695270698475392,GJ 9495 A
6228895347454821888,m Hya A
6228895347454822016,m Hya B
6229442835525861120,Lalande 27026
6230733559097425152,LTT 5972
6231840080111876992,GJ 3888
6232094063001925504,CNS5 3692
6232094067297707392,CNS5 3693
6232511606838403968,Lalande 27173
6233452028580863744,CNS5 3888
6233827481743360128,CNS5 3889
6234648404610590208,CNS5 3860
6234885555524708352,LP 860-32
6235149747552866688,LP 860-30
6235533167875990272,LHS 5303
6235558525363302912,GJ 1196
6235905352566118784,GJ 3934
6237311937170811904,LP 860-46
6239491684610275328,LP 860-5
6241924010489984896,GJ 2116
6242063304871870592,LP 861-22
6244076338858859776,GJ 610
6245870673116518784,LP 804-27
6247047562878494848,CNS5 3923
6247909992309643008,LP 803-33
6250213984568447872,TIC 410722996
6250364583302109312,49 Lib
6251620667955884544,TIC 422666659
6252087964698602496,TIC 422625094
6254033894121581952,GJ 595
6255739717688274560,LP 802-7
6255777749623059584,WD 1511-200
6256550916751400320,GJ 9518
6256677841624904320,CNS5 3738
6258382634409906560,LP 802-69
6258628066015225856,LP 802-68
6258901977555280000,LP 802-12
6260386975385254656,LTT 6257
6260966349293260928,TIC 336050745
6261297199214270464,LP 803-18
6261708725795693440,UCAC4 368-073271
6261708725800628864,Gaia DR3 6261708725800628864
6261833108052952576,LP 803-32
6262737765606571136,UCAC4 375-074521
6262941347057562752,LP 744-46
6264288626756428160,TIC 410458113
6264288729835641472,PM J15546-1309
6265453524968112640,CNS5 3841
6265472113586221696,Ross 802
6269287689510453504,CNS5 3531
6270906415441315840,GJ 9476 B
6270906415441316224,GJ 9476 A
6274553461150416000,CNS5 3498
6274832977622107264,GJ 3823
6276491659631783424,GJ 3845
6278314581192028928,CE 455
6278792868749734912,GJ 3864
6278792971828981888,GJ 3865
6279645574376722432,CNS5 3599
6280833734130138240,LP 801-25
6281432246412503424,CNS5 3647
6282457918962299776,GJ 3866
6282859309425495680,LHS 2911
6283330003481528320,UCAC4 354-068674
6285080838309725440,LHS 5273
6285658906548199168,UCAC4 365-067139
6285679964774140928,Wolf 1501
6285682717847042560,WT 2090
6286606170175267840,HIP 71743
6288325222245417856,GJ 529
6288409919000551424,GJ 3810
6288413183175704960,LTT 5371
6289177958320337408,LHS 2822
6289594093023609984,GJ 3821
6290519435137636224,GJ 3820
6292376372837063808,LP 798-29
6293217116979986560,CNS5 3351
6293916376311538944,LP 798-51
6293977605365279232,TIC 220034356
6294220941032267904,LP 798-49
6294928369390563968,GJ 3804
6297076922485674240,CNS5 3550
6298167775459045632,HD 124498A
6298167942962279680,GJ 3832
6298364691119997440,LP 800-58
6299557386358126976,LP 740-6
6300158578700499712,LP 740-20
6301981294100423040,2MUCD 11180
6302036437185335424,LP 738-71
6302599662016881664,LP 739-3
6302708689761652096,CNS5 3483
6302909449418261120,LP 739-36
6303072421952649088,LHS 2879
6303961686341504512,GJ 3827
6305165514134625024,CNS5 3707
6306068659857135232,CNS5 3739
6307365499463905536,GJ 9511 B
6307374845312759552,GJ 9511 A
6307850246652785920,LHS 3032
6309706875115188224,8 Lib
6310804634396281984,LP 740-47
6311012064136913920,LP 740-44
6311730801143986688,Ross 499
6313402642932727424,LTT 5930
6313600142709958144,GJ 9507
6314466489153193344,GJ 3900
6316161317608434944,GJ 1191
6316197051735920896,31 Lib
6316829270920764800,37 Lib B
6316829270922140032,37 Lib
6317407201723597952,HIP 76602
6317854118838346752,GJ 586 B
6317869099684480768,LP 682-46
6317928267153806976,GJ 586 C
6319027263385067264,GJ 3894
6319402059411076224,CNS5 3760
6320600527085407232,LHS 3025
6321776660930123648,LHS 6288
6322070093095493504,Wolf 562
6322245224682035456,G 152-1B
6322245323464909440,G 152-1A
6322574734573102848,UCAC4 417-060825
6324308389531786112,Wolf 1478
6324325225803432320,Wolf 1481
6326190169323093760,G 151-3
6326945362011635584,LTT 5828
6328672145023976960,GJ 553
6329012134635132544,Ross 848
6330721703416916352,LP 680-49
6331354197480725120,CNS5 3584
6332763530870415488,GJ 3889
6334811302557583616,WT 2132
6334811302558029824,WT 2133
6335064087152916224,GJ 583
6336170195850218240,Wolf 561
6336552379219937920,DENIS 1510-0241
6337402439146474368,16 Lib B
6337402473507040512,16 Lib
6337717036911729024,Mu Vir
6337717243069148032,Mu Vir B
6338113170335062656,TIC 185284480
6338748894214299264,GJ 1185
6339195811331790336,TIC 175795101
6340924518488131968,TIC 175798069
6341793441911160064,CNS5 5780
6342940473056949120,CNS5 5368
6343789261675614464,CNS5 5698
6343965492773694464,CNS5 5794
6344897290222195584,TIC 354975081
6345136988052055552,CNS5 5472
6345403379104806528,UCAC4 038-015647
6347643496607835520,GJ 4102
6348139685588865792,CNS5 5099
6348288635054855680,HIP 104436
6348672845649310464,GJ 820.1
6348793070374006016,2MASS J21113929-8053558
6349094336559890944,GJ 4154
6349409999476807552,UCAC4 047-017872
6349915534307041152,GJ 808
6350264560527609600,** NSN 429A
6350264560529125248,** NSN 429B
6350786278796634112,Gaia DR3 6350786278796634112
6350928734270891136,L 10-24
6350952476849650432,CNS5 5726
6350952476851001856,CNS5 5727
6353015813500043392,LEHPM 6094
6356417496318028800,GJ 4229
6356417496318028928,HD 207496C
6356570053556464128,CNS5 5299
6357002092906608512,LEHPM 4821
6357192995613035008,CNS5 5468
6357629089412187648,WD 2226-754B
6357630601240673792,WD 2226-754A
6357834388848708224,CNS5 5547
6357835488360338560,HIP 110719
6357835694518769408,HIP 110712
6358158435541361792,LHS 3752
6358287868675805824,CNS5 5388
6359120302058008320,TIC 276976190
6359521108406068992,CNS5 4674
6360422570502215552,UCAC4 043-016195
6361559602963567744,CNS5 5030
6363251682639715968,GJ 1251
6364037936533088384,CNS5 4602
6364795328244240256,CNS5 4504
6364795328246346112,CNS5 4503
6365269423916514304,L 44-66
6365300863077316992,2MASS J18465889-7748271
6366064851858896512,TIC 466696103
6366571314402539008,CNS5 5028
6366726276822544768,DENIS 2000-7523
6367463327570835328,L 45-6
6368299918479525632,CNS5 5237
6368761644643848704,TIC 271631224
6368902966247688320,2MASS J21274780-7508308
6370294123335198464,CNS5 5165
6370491382592592128,L 48-4
6370513647703084544,LTT 8616
6370787700976287744,CNS5 5295
6371169987426204928,GJ 1264
6371430640400532480,CNS5 5336
6371557530914670848,GJ 9719 C
6371557530914670976,GJ 9719 A
6371605359670578560,UCAC4 088-068454
6371660537113102976,CNS5 5289
6376731416021420288,LTT 8367
6377426792701085056,CNS5 5824
6377828354964753792,LTT 9759
6378205487453031040,TIC 273551414
6378475623716304000,CNS5 5713
6378584028690858496,GJ 877
6379103376136193152,LEHPM 5537
6379958624382356608,CNS5 5925
6380214844952702848,GJ 902
6381623044470172672,CNS5 5599
6382693865716893824,L 83-30
6382933589314905472,Nu Ind
6382975134534925952,LEHPM 4635
6383229053001389312,CNS5 5481
6383963114451742464,CNS5 5645
6384510877400590336,Rho Ind
6384857189203623040,TIC 238868450
6385548541499112448,LHS 3844
6386014803149425664,** DON 1035B
6386014833212987904,** DON 1035A
6386280060329151616,CNS5 5891
6387062603370442624,GJ 1287
6387153622317262976,LEHPM 6134
6387649708219253248,LTT 9387B
6387649914378668160,GJ 1280
6387813329294043520,LTT 9572
6387813363653800448,LTT 9571
6388327179181381248,GJ 4322
6388328691010410368,GJ 4321
6390416938468964608,LEHPM 5712
6391176735363140480,GJ 1279
6392033358000733440,HIP 111566
6392188629658709888,GJ 4285
6394330650108004992,GJ 4293
6394349749826865664,TIC 394595806
6395705074002990592,HIP 109245
6396236859672379008,NLTT 52595
6398188767690594048,WT 929
6398883620384263552,TIC 410090576
6399266186006872960,LTT 8858
6399966162596931712,GJ 9732
6400218225637412736,TIC 419737875
6401461910728172672,LEHPM 4113
6401464693867773568,Gamma Pavonis
6402486002729580800,HIP 108020
6402563827535838592,LTT 8715
6402595850813135360,TIC 238817606
6402860489518406144,GJ 4222
6403170375701631616,BPM 14175A
6403170379999185408,BPM 14175B
6404403585367962752,GJ 4273
6404417771644764160,LHS 3794
6405457982659103872,WT 887
6406967509044836096,TIC 232064182
6406967509044866560,TIC 232064183
6408479852929802240,TIC 197987557
6408509574103239552,CNS5 5527
6408551802221816576,HD 212330B
6408551802222368384,GJ 857
6409473742721612544,GJ 4244
6409685433069148288,GJ 842
6411063808333667328,CNS5 5502
6412109512611009024,LHS 3740
6412251624488840448,WT 853
6412595290592307840,Epsilon Ind
6412596012146801152,Epsilon Ind B
6413248744098317568,GJ 4045
6414282147589248000,TIC 343648067
6415630939116638464,CNS5 4838
6416143002299883904,GJ 1244
6416309818829587840,TIC 340901612
6417245945989191296,GJ 4121
6418732764501078784,L 77-46
6421374031949679744,CNS5 4707
6421389047155380352,CNS5 4705
6422184646895696768,LTT 7943
6422501306244845312,2MASS J19565479-7047035
6424217300298269568,CNS5 4984
6424566979354709248,GJ 2149
6426294621360844160,TIC 352438054
6426541599159134592,UCAC4 129-170979
6427144578208765568,UCAC4 115-137019
6427244702486210816,GJ 776
6427464123776727168,Delta Pavonis
6427708902552813824,GJ 774 B
6427708902553822592,GJ 774 A
6428723579982613376,NLTT 48337
6430426551697004800,TIC 466169685
6431977687725247104,CNS5 4668
6433101113731706496,WT 581A
6434153380720177664,GJ 756.1
6436302960312656512,LTT 7310
6437366909611503104,WT 562
6437777371042569344,2MASS J18315290-6435471
6438274350302427776,HIP 92024
6438274728259539072,WT 588
6439125097427143808,CNS5 4651
6441084289703115136,TIC 339275168
6441737502689505920,GJ 762
6442331445127207808,TIC 339396950
6443365570172526848,CNS5 5014
6443559256017942144,L 161-17
6446274293824799488,L 160-5
6448329418495400960,CNS5 4874
6448597630613279872,TIC 320784708
6448817876536573056,TIC 410344317
6449124395465377920,GJ 1247
6449125735495767040,Gaia DR3 6449125735495767040
6449125739790506496,Gaia DR3 6449125739790506496
6449957142381556480,CNS5 5232
6450595924275742848,CNS5 5125
6450595924277607040,CNS5 5126
6451144236982039680,CNS5 5167
6451574867582497408,UCAC4 139-189165
6451575245539618944,TIC 265465648
6451858850820471680,GJ 9729
6452644795474573184,LHS 3632
6452891670196217088,L 163-23
6453242173886773376,CNS5 5260
6453300894679705984,HIP 105675
6454494689428916736,LHS 3600
6454967273273436416,Phi 2 Pavonis
6454999399628150016,Phi 1 Pavonis
6456884409233519360,GJ 2151
6458856280258555392,LEHPM 4181
6460163255986109056,GJ 9738
6462049502543522688,CNS5 5318
6462911897617050240,GJ 4191
6463748969563201152,Theta Ind
6463748969563201408,Theta Ind B
6463883281779253120,CNS5 5208
6464969977225627776,TIC 139722169
6465635353559080448,LEHPM 4167
6465749496610128512,GJ 833
6466415457058789504,** NSN 449B
6466415457058789632,** NSN 449A
6467578156246085248,SIPS J2020-5837
6467586746181270528,GJ 9692
6468337884421010048,CNS5 5037
6468714845109381760,CNS5 5025
6468714845110882048,CNS5 5024
6468968316900356736,GJ 1252
6469383588698276480,LTT 8096
6470039653542791552,CNS5 5168
6470408677133171968,TIC 354135591
6470468772315704448,HIP 103180
6470597999291000448,CNS5 5095
6471497502884511232,GJ 798
6471630024096107008,Eta Ind
6472836050915560448,WT 682
6472858766996632704,HIP 99137
6473160651658069120,CNS5 4956
6476864837612387584,CNS5 5215
6476864837613433472,CNS5 5216
6477114289313395328,HIP 103673
6478007127114271104,GJ 4178
6478328150150225664,WT 766
6478328218869704192,WT 765
6479407316515947520,Gaia DR3 6479407316515947520
6479407320812714624,Gaia DR3 6479407320812714624
6481588305207220864,CNS5 5159
6483105665612243072,** SKF 1099B
6483105665612243328,LHS 3613
6484716209628726912,GJ 9712
6485255515786445440,** HJ 5428B
6485255520080979968,HIP 117815
6487483783474213632,CNS5 5922
6487693790194944128,CNS5 5899
6488532477048917760,LTT 9688
6489771832811810432,LHS 3912
6489909443564308224,GJ 1282
6490470881687779968,GJ 1283
6490756033157643648,LEHPM 5556
6491249026683800832,GJ 1277
6491962300492857472,GJ 4332
6492406743706907776,Gamma Tuc
6492406743706909568,Gamma Tuc B
6492999277396746752,LHS 5397
6493004500076966144,LTT 9429
6493448634054105728,CNS5 5651
6494026255616700288,L 215-16
6494854187871294336,CNS5 5889
6494861747014476288,TIC 469966735
6496915737814691840,UCAC4 175-219655
6500382704136408064,TIC 161404387
6500883119366343040,LEHPM 5479
6502618938988110848,CNS5 5693
6503296925345017984,TIC 370323578
6504700451938373760,TIC 370248689
6504705571539380992,GJ 855
6505203753385335296,CNS5 5564
6506200976072829184,CNS5 5671
6506903598362207872,GALEX J223659.9-542241
6508226723167166336,CNS5 5493
6508401923473282432,GJ 1267
6508776375901968640,GJ 853 A
6509993810151618304,CNS5 5559
6511657371244871680,LHS 519
6512176375093055744,GJ 4270
6512664180298450688,GJ 4303
6512940226435062400,HD 217487C
6512940226435062528,HD 217487B
6512940226435062656,HIP 113701
6514632718428652928,GJ 4310
6515783804023662336,2MASS J22530796-4801577
6516332666486584064,CNS5 5668
6517221174958562944,TIC 144065598
6517274496976569344,CNS5 5592
6517274535632335872,CNS5 5593
6518076316215261568,GJ 9780
6519024545827374080,GJ 871 B
6519024545827374336,GJ 871 A
6519227714961476352,HIP 111983
6520844168856463104,LP 1033-33
6521875098442800512,LEHPM 6451
6522188390538224640,GJ 4361
6522445092142878080,HIP 116898
6523442177388623488,GJ 4348
6523442177391053312,GJ 4347
6523443723579266816,CNS5 5817
6526541563232943872,CNS5 5791
6526909899623917056,CNS5 5739
6527055859795615616,GJ 4325
6528092355661630336,GJ 9828
6528104828246692864,LHS 3959
6528276867455634176,GJ 4335
6528803464806561664,TIC 401986642
6530117999675363072,WT 982
6531677691280151680,LHS 3999
6533462920205495424,GJ 4372
6534547176109685504,LP 1035-59
6535003404716107392,LHS 3964
6536153940554895872,HD 219630B
6536333641986351360,LP 1034-79
6536984484150014720,GJ 4353
6537148826779472512,LP 1035-47
6537766271277300608,LEHPM 6159
6537886289844411136,LP 1035-50
6538208137513096448,LTT 9582
6539166877292779264,GJ 4350
6544549880063909248,GJ 9797
6548081373973468416,GJ 874
6548271761283589120,LTT 9445
6548272139240237184,LP 1034-65
6548405867341984000,LTT 9462
6548716445017597568,NLTT 56277
6550040463175784192,LHS 539
6550541599959510784,LP 986-59
6553614253923452800,Lacaille 9352
6553727606699596288,LP 985-98
6554537293934842496,Pi Piscis Austrini
6554995893362365952,LP 986-13
6558208838138808576,GJ 841 A
6558209044297239424,GJ 841 B
6558265325547297536,GJ 4249
6558741070485093632,CNS5 5343
6559631640545167232,LTT 8853
6561011974314713856,CNS5 5409
6561146458331160320,GJ 9762
6561494694279439488,GJ 4245
6562924609150908416,GJ 832
6564091190988411520,GJ 838
6566249837254420992,TIC 231263528
6567494213835357056,GJ 9765
6567609525117256576,WT 870
6568439175360280192,LP 1032-66
6568464361047484288,TIC 279314834
6569366166743271168,LHS 5384
6569700349557517056,TIC 88278497
6569895822110445440,GJ 9774
6570087171492357504,LP 1032-84
6571107552641822464,GJ 4235
6572223552647639552,WT 818
6572227714472220288,LTT 8708B
6572227714472220416,LTT 8708A
6572326052043362304,LTT 8716
6572811211549713792,CNS5 5395
6573778541262656256,CNS5 5498
6574387911224287488,GJ 4253
6574570052196645120,LP 983-65
6575069780231675264,GJ 4248
6575581564623343872,GJ 9737
6576207602966235392,GJ 828 B
6576209007420385792,GJ 828 A
6576611428676004608,[HB88] M18
6576809826100275456,CNS5 5248
6576809826101726208,CNS5 5249
6577290140883225984,CNS5 5265
6577318075351824512,GJ 9730
6577573677445347584,WT 795
6577933973662574080,WT 792
6578350001374194816,GJ 9748
6578729710843028608,GJ 4193
6578917727331681536,CNS5 5275
6578985312937139840,L 425-90
6579485487647973888,GJ 4198
6579894402894605824,GJ 9724
6582502959872402944,CNS5 5269
6582903697500334464,CNS5 5286
6583272171336048640,Lacaille 8760
6583325635088476544,CNS5 5262
6584267366796276352,WT 810
6584418167391671808,EQ J2147-4035
6584461671116752128,GJ 9754
6585345884622880896,LHS 3715
6585345884623967232,LHS 3716
6588214750978469760,LP 983-46
6588749457226272512,LP 983-34
6591941820518504704,UCAC4 286-220280
6592223158057230592,GJ 4207
6592315723192176896,L 570-26
6593843219720094464,BPM 44589
6594527803147581568,2MASS J22242239-3901197
6595750597516482048,CNS5 5601
6597767685957278592,LHS 527
6598319159758429696,GJ 4271
6599565765426015232,LP 984-1
6600456850880784256,TIC 253923299
6600863910701061632,CNS5 5589
6602601031698725632,LP 985-32
6603693808817829760,GJ 871.1 B
6603693881832177792,GJ 871.1 A
6603739438550692480,TIC 206605822
6603827644293770624,LTT 9189
6604147121141267712,Fomalhaut B
6604348434848487808,LP 932-81
6604934337106961024,LHS 5396
6605330195652819840,LTT 9397
6606890608810806528,GJ 869
6607545711582524032,LP 932-7
6608187792013181312,GJ 4289
6608187792013441792,GJ 4288
6608490501308343168,GJ 868
6609167869190786688,LHS 5394
6609254898113164416,TIC 270376273
6609870422760972032,LP 933-37
6612242034982766848,Tauri Piscis Austrini
6612817217002464128,GJ 4242
6612817835477756160,GJ 4243
6613289285448236288,LHS 3753
6613707340384992896,LP 931-48
6613969195950456448,LP 931-41
6614285855300051840,GJ 862
6615656396543741952,GJ 4272
6617978530741987456,TIC 53952541
6617996741403360128,LP 930-61
6620217750595836288,CNS5 5473
6620768850735175808,LP 932-34
6621449620231453184,LP 931-57
6621449620231453312,LP 931-58
6621762912325848448,LP 931-54
6622318573720116864,LP 876-25
6622965567593297536,CNS5 5598
6623351805412369024,Fomalhaut C
6623761137270596992,LP 876-34
6624125075619515392,TIC 209366972
6628233675694233984,UCAC4 338-208380
6628926642897199744,Upsilon Aqr B
6628926642897745664,Upsilon Aqr
6629790584164277376,LTT 7265
6629790584164278016,HD 167425B
6631662502708260480,TIC 464380184
6631770869026896512,GJ 4079
6631773239851168768,TIC 360954492
6631915390382416256,LTT 7406
6631993077750824960,GJ 4075
6632099970897367680,GJ 4081
6633500847494138496,TIC 446547667
6634032740544236032,Iota Pavonis
6634463852178515456,TIC 365837023
6635520414133666944,WD 1817-598
6635966781495628672,GJ 714
6636988399594203648,GJ 4078
6637017330494491648,CNS5 4699
6637022759333088768,TIC 379289317
6637022793692833024,GJ 4082
6637963425886794752,GJ 737 A
6637963425890391552,GJ 737 B
6638876054899764864,TIC 319673470
6639310701294761984,UCAC4 165-206398
6641403625973393152,Gaia DR2 6641403625973393152
6641789348394399488,CNS5 4860
6642655488681211392,HIP 97156
6643046944883125376,GJ 9647
6643640891616635904,L 276-79
6644303656613107840,TIC 343956960
6644840974200903808,CNS5 4783
6644841042920381184,CNS5 4781
6644846849713646208,CNS5 4784
6645504151509887744,GJ 4112
6645537854116086272,UCAC4 190-199094
6647518766053564544,TIC 118807628
6647979736302964096,2MASS J18195739-5754310
6648040999716899200,CNS5 4557
6650117736660187136,LHS 5341
6651058467639413248,LTT 7361
6651958147328579968,LHS 3360
6652242852121501312,UCAC4 172-191165
6652478525567840256,TIC 118983122
6653968157663516672,TOI-1080
6655006165359227264,2MASS J18420549-5114383
6655901408341207552,L 273-14
6656795173857025280,L 274-61
6658005048964693760,Gaia DR3 6658005048964693760
6658123517042686464,CNS5 4767
6659099681505711232,L 347-72
6659099681507716736,CNS5 4829
6659271205321359872,CNS5 4863
6659849204841549824,L 347-73
6660728157009636992,UCAC4 221-179366
6661911579416783616,GJ 9646
6662167868705713664,GJ 739
6663600360560306560,GJ 754
6664246083120889344,CNS5 4787
6664912936922642048,TIC 425764828
6665111226973054208,TOI-4341
6665143937443906816,CNS5 4811
6667318634003429504,GJ 9680
6669657123437047424,GJ 787
6669838714655388800,LHS 3492
6670073803984650240,UCAC4 203-186762
6670827416123874688,WT 676
6671213104189712000,GJ 769
6672112470338969856,LTT 7967
6672244029484054272,WT 689
6673000841376349696,GJ 784
6674382927491854848,Alpha Ind
6674554829263069440,CNS5 5089
6678124698708167936,TIC 291065022
6678530491511225856,LTT 8260
6678530491511226240,HIP 103019B
6679105566157898880,CNS5 5055
6681773947733560192,L 495-82
6683306151547010688,CNS5 5086
6683916311780897664,CNS5 4920
6684504722300935680,CNS5 4879
6684697235617251200,GJ 4119
6684976378430611200,NLTT 48111
6685171129426977408,CNS5 4911
6685257922125341568,UCAC4 234-175732
6686474256863996672,CNS5 4989
6686843727130165888,LEHPM 2-15
6689574432978156160,CNS5 4885
6690155009477092224,CNS5 4919
6690416968120938368,** KPP 3109A
6690416968123220864,** KPP 3109B
6690456619260897792,CD-40 13486
6692782017633230848,CNS5 5026
6692948039591889664,2MASS J20221129-3944486
6693352488073255936,Gaia DR3 6693352488073255936
6694314496323685888,TIC 290236103
6695663494011868160,TIC 152181301
6695913186230672512,CNS5 5049
6696911783307547648,LTT 7929
6697578465310949376,GJ 783 A
6697737550899574656,TIC 48791732
6698960688866464768,GJ 9679
6701127929363497856,LP 926-43
6703245382605547520,HIP 90223
6703613886502225536,LTT 7330
6704729998176610176,CNS5 4671
6704729998176610560,CNS5 4672
6705845452725619072,Gaia DR3 6705845452725619072
6706969772089857280,NLTT 46322
6707106730011510016,HIP 88633
6707466648270384896,NLTT 45986
6709069942375477504,TIC 339832054
6709964635600548992,CNS5 4624
6710522912622915712,** WSI 134A
6710522912626346368,** WSI 134B
6710598435331928192,CNS5 4710
6711034975805345280,2MASS J19045814-4535586
6712572780258551168,2MASS J19042184-4229483
6712972040417336192,TIC 61334091
6716791228414290944,CNS5 4712
6716791228414302080,CNS5 4711
6716791228418408192,CNS5 4713
6717432239396780544,PPM 764095
6717813842950778880,GJ 4104
6718019348545856512,TIC 254220375
6718058106331031040,TIC 254165030
6718079679950008704,TIC 254215499
6718894388002453120,GJ 744
6719043646702291968,CNS5 4755
6721432232656218752,GJ 707
6723777800190040960,CNS5 4603
6724203036327430656,TIC 85644939
6725401465316090880,TIC 326907507
6725590753118798848,Gaia DR3 6725590753118798848
6725832095922016256,CNS5 4510
6726429375571878912,CNS5 4533
6727502086612287232,TIC 338003975
6729187672268648832,GJ 732
6729483337819038720,TIC 253790710
6730516225919672704,CE 514
6730759011817912320,GJ 4087
6730934796246420608,CNS5 4691
6733252326258531200,TIC 312383738
6733860940302404864,CNS5 4608
6734417258848246400,2MASS J18241642-3519222
6734485286788609664,L 489-3
6735308241178655872,2MASS J18474700-3419345
6735373284180307072,TIC 398411131
6735410976814156672,CE 519
6735656923825446144,LTT 7419
6735656923825448320,CE 507
6736067076010808704,CNS5 4657
6736067076020049024,CNS5 4656
6736068072442493312,CE 515
6738230880520652544,L 492-103 B
6738230880523533696,L 492-103 A
6739573178062978944,TIC 269451622
6739809744858934400,CNS5 4890
6739809744861879040,CNS5 4891
6740493675455190784,TIC 299749573
6741156023833749504,GJ 1239
6742107586724605696,UCAC4 264-179145
6742425345582976256,TIC 97985928
6742962972412390912,CNS5 4809
6743125631414820224,CNS5 4768
6744248438943969536,UCAC4 276-206645
6744310492631771392,TIC 113425376
6744957928883188736,LP 925-27
6745394611098654336,2MUCD 11842
6746465363619405824,CNS5 4917
6746465363623545984,CNS5 4916
6747926786376161536,LP 925-37
6748241006182314368,LP 926-55
6748283784056800384,GJ 1246
6748764545515650944,GJ 4131
6748796362632835968,GJ 9686 B
6748796396992580352,GJ 9686 A
6749419923164242816,GJ 2147
6749678548915243776,TIC 301773768
6755394394475305984,LP 870-54
6755437378508212096,TIC 380822957
6755783930832162816,CE 541
6756231706941446784,HIP 94595
6757523628803771648,HD 178076B
6757523633110174464,HD 178076A
6758930664392303232,LP 924-17
6759481141756109056,CNS5 4804
6764432753712671104,CNS5 4833
6764687466752221824,LHS 3468
6764810715133775744,LP 925-8 A
6766734242006157568,LP 869-42
6766848728654380160,CNS5 4897
6768045340904025088,CNS5 4870
6768500538717144064,LP 869-26
6769308026926349056,LP 868-19
6769967321590585344,CNS5 4812
6770313530317154560,GJ 749
6770934926184844800,TIC 11182107
6770968147755327360,LTT 7625
6770968152052164608,LTT 7626
6772521384023709696,Ross 162
6772888139870271744,TIC 123118237
6773395220888949888,** USN 4A
6773423224070637952,CNS5 5188
6773453838597541760,CNS5 5189
6773742009427000704,L 424-7
6773976484578476544,HD 199674
6774018369099513216,WD 2103-397
6774734013730206592,TIC 389527914
6777414279481335936,CNS5 5231
6777760556924773248,TIC 92733838
6779821003058453120,CNS5 5150
6780300909821297280,TIC 92498536
6781117812599082752,GJ 9714 B
6781117812601143168,GJ 9714
6781861563497231232,SIPS J2100-3236
6783123184369906816,CNS5 5291
6783123184369906944,CNS5 5292
6783677544390496896,TIC 89357475
6784262587654030336,CNS5 5278
6784738092073342848,TIC 207073870
6787883382522587008,HD 201989B
6787883382523590400,LTT 8419
6788345452286982016,LHS 3616
6788346448719408000,LHS 3614
6790332029278287360,TIC 290076869
6791154257817212672,GJ 9734 A
6791196382856581376,LP 873-78
6792436799475128960,GJ 799 A
6792436799477051904,GJ 799 B
6792467005983280000,LHS 3575
6792808541781612800,CNS5 5080
6794047652729201024,GJ 803
6795084084175092480,GJ 4162
6795261758382370560,GJ 4157
6795261758382371840,HD 197214B
6796392812250051712,GJ 790
6797154670728575104,LHS 3539
6797171060323993728,CNS5 5038
6798111177125746944,GJ 791
6798222846275675520,LHS 3566
6802426038708609536,GJ 811
6803442674646843008,TIC 302298728
6804831357833195136,LP 873-9
6804996318939680000,UCAC4 317-232819
6805455124526007424,Psi Cap
6805792571514600960,CNS5 5157
6805803738429787904,CNS5 5153
6805808514433280000,LP 872-20
6805970245721550080,LP 872-27
6806697710102769920,CNS5 5148
6806826799639247744,LP 872-22
6807655075493276416,TIC 77458220
6808399582302989440,UCAC4 337-199239
6808399582302989568,2MASS J20534637-2239198
6808651507904773888,LP 872-48
6810820947424835712,LP 930-22
6810896745007524736,GJ 9745
6811417157605199104,LP 874-18
6812057416969617280,LP 874-37
6812300065441387648,LP 875-9
6814962601568904576,GJ 836
6817856584892201600,TIC 441037434
6817950657560102016,LTT 8690
6821533111257080960,HIP 110750
6821921475085163904,TIC 206508611
6823449766182657280,LP 818-54
6823750688771587840,GJ 843
6824372698820338176,LP 818-34
6825188334584338304,LP 818-59
6825822095663585536,GJ 1265
6828140347214896000,GJ 4197
6828879944874556160,LP 873-20
6828880185392725632,LP 873-19
6830027143525634432,LP 873-74
6830027182179257472,LTT 8565
6830187710876927616,37 Cap
6831300038686921088,LP 817-54
6832674634380238848,GJ 9736
6833711267686909952,CNS5 5234
6836158540051988480,BPM 81615
6836547453635933056,CNS5 5355
6838311796136238976,Deneb Algedi
6838931126125203968,CNS5 5429
6839883788525745536,LHS 3723
6840706910418152320,Mu Cap
6840822904599511936,LP 758-74
6840822904602985984,LP 758-73
6841809067745428992,LP 758-19
6842324429461875840,LP 817-50
6842531927921853440,CNS5 5294
6842831888437047680,Ross 203
6844219059795207296,TIC 858379
6846064551407418112,LP 927-8
6847167606385195648,GJ 785
6847570886634835200,GJ 4137
6851779920225659136,LP 870-65
6852655337639135104,TIC 71480177
6853658057885526912,CNS5 4980
6853784501721502720,GJ 781.3
6854562406199000960,LP 871-36
6854626246593473792,GJ 796
6855358349537379840,GJ 1257
6855520385765481088,GJ 801
6856077189625042688,CNS5 5077
6856237271645944320,LP 871-38
6857273939310123136,TIC 76916921
6857939315643803776,GJ 799.1
6858312737278836736,Ross 751
6858958940879829248,LP 816-10
6860245610005686528,LP 815-1
6860939298763857920,TIC 429108028
6860945174275852416,Rho Cap B
6860945174279114880,Rho Cap A
6862687522250677376,LP 815-31
6863535898551993472,GJ 770
6863536001631204608,HD 188088B
6863591389529611264,HIP 97805
6864448905520369280,LHS 3500
6865562672142017920,CNS5 4910
6866179463802637440,LTT 7919
6866179468100179328,LTT 7920
6866310172545095424,GJ 782
6866649852918944000,TIC 75060314
6868107358662346112,LP 869-19
6868221463056407168,CNS5 4883
6869035449555144960,HIP 97358
6870168805525824384,CNS5 4886
6873832206469976320,2MASS J20104810-1707075
6875877469897718528,LP 815-3
6876824767881427328,CNS5 5047
6877944105080250368,CNS5 4973
6879524790480960896,LP 754-44
6879662263797806976,LP 754-50
6879764552737781888,Xi Cap
6880184875418644608,TIC 14549588
6880185081577081600,TIC 14549579
6881163470829624320,LP 754-41
6881661519529805952,Ross 768
6882393725554653056,Ross 769
6882442035346955520,LP 816-38
6882485633558785920,GJ 4179
6882963066420161664,LP 816-60
6885342955043185664,GJ 819 B
6885342959337741184,GJ 819 A
6885776098199761024,Wolf 918
6885822307751773568,CNS5 5221
6887025727524300416,GJ 810 B
6887029163498137856,GJ 810 A
6890153425787729152,CNS5 5205
6890201563781799168,LHS 3617
6890353330746858368,Wolf 896
6891134705556330880,GJ 830
6892947044316282368,LHS 3697
6893183782913620224,LHS 3690
6893412618771209088,CNS5 5325
6894737663425859328,TIC 71597338
6895572437565417856,LP 757-92
6896056458904608128,GJ 4188
6896057214818851712,GJ 4187
6898272528885931008,Wolf 920
6900333494712655616,LP 756-3
6901234269614405888,CNS5 5088
6904064446906104832,LP 755-19
6904166426608411008,LP 755-20
6904703228801028864,GJ 792.1 A
6906393659206977280,TIC 9629290
6910371005081903488,Wolf 906
6912161143154808192,** VVO 18B
6912161147450851840,GJ 9721
6912276699251278848,11 Aqr
6912395304772726144,CNS5 5206
6913810483611035776,Ross 193B
6913810483612308480,Ross 193
6914085052281724416,LP 696-13
6914228607268279936,GJ 2148
6914237987476826624,HIP 102203
6914281796143286784,LP 695-372
6915795853718552960,CNS5 5183
6916916844479162880,LP 636-16
6916929660661726208,CNS5 5163
